{
    "uvs":[[0.576681,0.562299,0.588181,0.558299,0.579082,0.570799,0.579282,0.545999,0.571681,0.556299,0.564682,0.550999,0.571981,0.561199,0.564682,0.566099,0.576182,0.554299,0.705682,0.535999,0.697082,0.510799,0.724482,0.530599,0.688182,0.537299,0.680382,0.562699,0.669882,0.530599,0.703182,0.546499,0.714082,0.562699,0.692382,0.547199,0.563182,0.543399,0.562582,0.564399,0.548281,0.564199,0.567681,0.570499,0.562582,0.583999,0.586982,0.550699,0.566981,0.557499,0.575082,0.567199,0.586482,0.575799,0.934307,0.548525,0.943607,0.551425,0.931807,0.555125,0.937807,0.543125,0.931907,0.535825,0.943607,0.539125,0.931707,0.545425,0.924207,0.545325,0.419142,0.558542,0.446242,0.577042,0.418842,0.578842,0.390342,0.574342,0.449742,0.554942,0.414842,0.525642,0.456042,0.523942,0.477442,0.576242,0.455542,0.598342,0.480242,0.549342,0.390342,0.550142,0.420142,0.601942,0.429942,0.565042,0.449542,0.571342,0.424742,0.579142,0.437242,0.553742,0.424842,0.538242,0.449542,0.545442,0.424442,0.558442,0.408642,0.558342,0.437842,0.562042,0.696482,0.530299,0.579382,0.558099,0.574682,0.559099,0.429542,0.552042,0.934107,0.542325,0.938007,0.547025]],
    "faces":[42,132,136,2,0,0,1,2,0,0,0,42,184,102,105,0,3,4,5,1,1,1,42,117,188,7,0,6,2,7,2,2,3,42,137,165,185,0,1,8,3,4,4,4,42,104,118,120,0,5,6,7,5,5,5,42,107,126,11,0,9,10,11,6,6,6,42,77,181,14,0,12,13,14,7,8,7,42,167,186,169,0,15,11,16,9,9,9,42,125,79,150,0,10,12,14,10,10,10,42,177,16,13,0,17,16,13,11,11,12,42,123,113,96,0,18,19,20,13,13,13,42,95,97,22,0,20,21,22,2,2,2,42,179,128,124,0,23,24,18,14,14,14,42,65,178,67,0,25,23,26,15,15,15,42,98,26,161,0,21,26,22,0,0,0,42,143,91,144,0,27,28,29,16,17,18,42,93,130,32,0,30,31,32,19,19,19,42,173,145,34,0,33,29,34,20,20,20,42,90,92,100,0,28,30,32,15,15,15,42,131,174,180,0,31,33,34,21,21,21,42,86,69,82,0,35,36,37,22,23,23,42,149,87,83,0,38,35,37,24,24,24,42,75,170,41,0,39,40,41,25,25,25,42,70,42,85,0,36,42,43,26,26,26,42,187,44,74,0,41,44,39,27,27,27,42,72,147,68,0,39,42,36,28,28,28,42,171,88,45,0,40,35,45,29,29,29,42,38,84,160,0,38,37,46,30,30,30,42,159,71,43,0,46,36,43,31,31,31,42,154,48,156,0,47,48,49,16,32,33,42,62,109,64,0,50,51,52,14,14,14,42,140,157,54,0,53,49,54,34,34,34,42,153,52,151,0,55,52,48,4,15,4,42,108,139,183,0,51,53,54,35,35,35,42,80,176,78,0,56,17,12,22,23,23,42,101,164,134,0,4,8,57,23,23,23,42,106,168,176,0,9,15,17,23,23,23,42,101,133,119,0,4,0,6,23,23,23,42,127,115,25,0,24,58,25,23,23,23,42,111,155,138,0,59,47,53,23,23,22,42,121,94,163,0,60,30,61,22,23,23,42,127,99,112,0,24,21,19,23,23,23,42,111,63,152,0,59,50,55,23,23,23,42,121,142,172,0,60,27,33,22,22,23,42,132,135,136,0,0,57,1,0,36,0,42,3,166,4,0,3,8,4,1,1,1,42,117,0,188,0,6,0,2,2,2,2,42,1,57,8,0,1,57,8,15,15,15,42,5,103,6,0,5,4,6,37,37,37,42,107,81,126,0,9,56,10,6,6,6,42,77,17,181,0,12,17,13,7,38,8,42,167,9,186,0,15,9,11,9,9,9,42,10,56,12,0,10,56,12,10,10,10,42,177,15,16,0,17,15,16,11,11,11,42,18,129,19,0,18,24,19,13,13,13,42,20,114,21,0,20,19,21,2,2,2,42,23,116,24,0,23,58,24,14,14,14,42,65,58,178,0,25,58,23,15,15,15,42,98,66,26,0,21,25,26,0,0,0,42,143,162,91,0,27,61,28,16,39,17,42,93,122,130,0,30,60,31,19,19,19,42,33,27,29,0,33,27,29,40,40,40,42,28,61,30,0,28,61,30,15,15,15,42,31,60,175,0,31,60,33,41,41,41,42,86,73,69,0,35,39,36,22,23,23,42,148,182,35,0,38,45,35,42,42,42,42,76,89,40,0,39,35,40,43,43,43,42,39,158,146,0,39,44,42,28,28,28,42,46,37,36,0,46,37,36,44,44,44,42,154,55,48,0,47,55,48,16,45,32,42,62,110,109,0,50,59,51,14,14,14,42,53,47,49,0,53,47,49,40,40,40,42,153,50,52,0,55,50,52,4,15,15,42,51,59,141,0,51,59,53,41,41,41,42,80,106,176,0,56,9,17,22,23,23,42,101,134,133,0,4,57,0,23,23,23,42,111,152,155,0,59,55,47,23,23,23,42,127,25,99,0,24,25,21,23,23,23,42,121,163,142,0,60,61,27,22,23,22],
    "metadata":{
        "uvs":1,
        "faces":79,
        "version":3,
        "normals":46,
        "materials":1,
        "vertices":189,
        "generator":"io_three",
        "type":"Geometry"
    },
    "materials":[{
        "doubleSided":false,
        "mapDiffuse":"Rocks_Texture_Atlas.png",
        "shading":"lambert",
        "depthWrite":true,
        "colorSpecular":[0.5,0.5,0.5],
        "DbgIndex":0,
        "colorEmissive":[0,0,0],
        "depthTest":true,
        "mapDiffuseAnisotropy":1,
        "DbgColor":15658734,
        "colorDiffuse":[0.64,0.64,0.64],
        "specularCoef":50,
        "wireframe":false,
        "mapDiffuseWrap":["repeat","repeat"],
        "blending":1,
        "DbgName":"Material",
        "transparent":false,
        "visible":true,
        "opacity":1,
        "mapDiffuseRepeat":[1,1]
    }],