{
    "normals":[0.387463,0.153264,-0.909024,-0.387097,0.159124,0.90817,0.903775,0.186499,0.385205,-0.912625,0.125431,-0.388989,0.705618,0.0646382,0.705618,-0.70687,0.0252388,0.70687,-0.707083,0.00369274,-0.707083,0.706442,0.0432142,-0.706442,0.899136,-0.15418,0.409589,-0.851619,0.290445,-0.436293,0.477554,0.0984527,-0.873043,-0.455916,0.026307,0.889615,-0.480087,0.783502,0.394482,-0.9859,0.163244,-0.0358287,0.386456,-0.0726341,0.919431,-0.396741,0.0893582,-0.913541,-0.689718,0.056917,-0.721824,0.710624,0.00360118,0.703543,-0.774316,0.110111,0.623096,0.780938,0.0301523,-0.623859,-0.86581,-0.118992,0.485946,-0.897092,-0.0655843,0.436933,0.69335,0.162572,-0.701987,0.979675,-0.0498978,-0.19422,0.192755,-0.892148,0.40846,-0.156499,0.927854,-0.33842,0.970397,0.185766,-0.154271,-0.965392,-0.122227,0.230354,0.316385,-0.694143,0.646535,-0.301523,0.756951,-0.579699,0.36137,0.429243,0.827723,-0.386181,-0.403882,-0.829279,-0.38609,-0.404187,-0.829157,-0.386792,-0.401868,-0.829951,0.951598,-0.127018,-0.279794,-0.876614,-0.181982,0.445387,-0.991119,-0.0125736,0.132145,0.821039,-0.0409253,-0.569353,-0.38554,-0.406018,-0.828547,0.361095,0.416089,0.834529,-0.245247,0.905484,0.346263,-0.355388,-0.42027,-0.834864,0.392804,0.410749,0.822779,0.203131,-0.890561,-0.406903,-0.280923,-0.664174,0.69274,-0.451857,0.528398,-0.718741,0.223701,0.633168,-0.740959,-0.914975,0.393048,0.0910672,0.932676,-0.357097,-0.0504471,-0.325083,-0.680563,-0.656606,0.328776,0.776788,0.537095,0.371899,0.7257,0.578784,-0.292489,-0.578082,-0.761711,-0.599231,0.704489,-0.38023,0.773553,-0.561022,0.294656,0.708853,0.403668,-0.578387,-0.71868,-0.435194,0.542253,-0.1919,-0.704764,-0.682974,0.158452,0.756157,0.634877,0.318094,0.278054,0.906339,0.334025,0.715293,-0.613788,0.537126,0.021424,0.843196,-0.487716,0.511673,-0.707297,0.655049,-0.738945,-0.157598,0.495224,-0.0289315,0.868252,0.743461,-0.553423,-0.375439,0.397351,-0.916562,-0.0448927,-0.398907,0.916959,0.00448622,-0.575335,0.182714,-0.797204,0.175359,0.921323,-0.346965,-0.784356,0.570605,0.243202,-0.731407,0.118961,-0.671468,0.615528,0.064272,0.785455],
    "uvs":[[0.713446,0.651911,0.704594,0.676627,0.691311,0.672163,0.677658,0.640464,0.676586,0.669176,0.662376,0.667181,0.696148,0.644292,0.657489,0.640493,0.649059,0.668562,0.637724,0.644132,0.681465,0.699251,0.67268,0.697571,0.663109,0.695227,0.652939,0.69607,0.690354,0.700234,0.726139,0.64662,0.730946,0.644634,0.727113,0.658455,0.725257,0.65825,0.641602,0.739697,0.645295,0.730619,0.648199,0.735022,0.70149,0.704504,0.695778,0.699739,0.698498,0.697643,0.703876,0.701949,0.639603,0.714113,0.6421,0.708409,0.648574,0.711956,0.647277,0.716707,0.658761,0.710086,0.652062,0.710788,0.675006,0.713597,0.667607,0.712283,0.684321,0.713597,0.708262,0.704544,0.709778,0.680787,0.712083,0.681975,0.704707,0.712792,0.645182,0.72154,0.720664,0.7021,0.716753,0.70528,0.715178,0.68258,0.717737,0.6817,0.707014,0.680245,0.715696,0.661574,0.716343,0.661861,0.714301,0.661564,0.714948,0.661382,0.713461,0.66147,0.741317,0.715655,0.737608,0.720552,0.735939,0.717814,0.669726,0.719526,0.669826,0.716133,0.674286,0.717311,0.674944,0.719799,0.669454,0.723621,0.674831,0.723998,0.739618,0.711503,0.734774,0.713744,0.669159,0.727123,0.669658,0.731358,0.717196,0.718603,0.717862,0.720774,0.697553,0.720999,0.696859,0.720244,0.73628,0.725189,0.739273,0.729281,0.734668,0.727404,0.674309,0.726345,0.717063,0.723014,0.71624,0.725007,0.696333,0.72268,0.697052,0.722031,0.716137,0.716256,0.696333,0.71923,0.661395,0.711815,0.662375,0.71191,0.662194,0.712958,0.661297,0.712874,0.676275,0.730203,0.686526,0.724434,0.687317,0.726374,0.686517,0.720048,0.686516,0.722293,0.686421,0.717732,0.693826,0.72128,0.69374,0.721646,0.693796,0.720463,0.693887,0.720871,0.693989,0.722038,0.662402,0.71209,0.663177,0.712116,0.663084,0.712999,0.662316,0.712973,0.664452,0.712723,0.664408,0.713176,0.663961,0.713097,0.664003,0.71268,0.72958,0.659611,0.728603,0.682025,0.726282,0.682817,0.720217,0.640464,0.722318,0.658612,0.71349,0.644186,0.719696,0.659643,0.734283,0.643925,0.720442,0.682027,0.722549,0.681734,0.723672,0.706828,0.723005,0.706984,0.724558,0.682849,0.663212,0.71306,0.66319,0.712436,0.663863,0.71265,0.663913,0.713128,0.724885,0.706685,0.724388,0.706695,0.725538,0.706984]],
    "materials":[{
        "wireframe":false,
        "vertexColors":false,
        "mapLightWrap":["repeat","repeat"],
        "blending":1,
        "transparent":true,
        "opacity":1,
        "colorDiffuse":[0.64,0.64,0.64],
        "DbgIndex":0,
        "DbgName":"Trees 01",
        "mapDiffuse":"Trees_Texture_Atlas.png",
        "colorEmissive":[0,0,0],
        "shading":"lambert",
        "mapLightAnisotropy":1,
        "DbgColor":15658734,
        "depthWrite":true,
        "depthTest":true,
        "doubleSided":false,
        "mapLightRepeat":[1,1],
        "visible":true
    }],