{
    "uvs":[[0.417126,0.140763,0.011968,0.140763,0.011968,0.913815,0.065537,0.913815,0.417126,0.913815,0.069654,0.914328,0.013399,0.914263,0.013498,0.136665,0.414513,0.137052,0.414414,0.914651,0.717421,0.488348,0.717421,0.483713,0.721035,0.483713,0.721035,0.488348,0.721035,0.511525,0.726925,0.511525,0.726925,0.51616,0.721035,0.51616,0.927298,0.947948,0.849169,0.947948,0.849169,0.776372,0.875402,0.810687,0.875402,0.820492,0.875402,0.869513,0.875402,0.879318,0.901065,0.879318,0.901065,0.869513,0.901065,0.820492,0.901065,0.810687,0.927298,0.776372,0.726925,0.483713,0.726925,0.488348,0.717421,0.51616,0.717421,0.511525,0.721035,0.511525,0.721035,0.51616,0.868039,0.329901,0.944405,0.329901,0.944405,0.744423,0.868039,0.744423,0.698481,0.511525,0.698481,0.488348,0.702095,0.488348,0.702095,0.511525,0.750487,0.483713,0.756377,0.483713,0.756377,0.499749,0.750487,0.499749,0.738706,0.499749,0.744597,0.499749,0.744597,0.50353,0.738706,0.50353,0.685401,0.534594,0.6676,0.534594,0.6676,0.523168,0.685401,0.523168,0.698481,0.51616,0.702095,0.51616,0.698481,0.483713,0.702095,0.483713,0.944364,0.644052,0.835542,0.644052,0.835542,0.234755,0.944364,0.234755,0.727071,0.47959,0.727071,0.549629,0.709271,0.549629,0.709271,0.47959,0.8855,0.305014,0.929797,0.305014,0.929797,0.778969,0.8855,0.778969,0.738706,0.483713,0.744597,0.483713,0.683155,0.51616,0.683155,0.511525,0.738706,0.50353,0.732816,0.50353,0.732816,0.487494,0.738706,0.487494,0.72537,0.470614,0.72537,0.519075,0.707569,0.519075,0.707569,0.470614,0.683155,0.488348,0.683155,0.483713,0.849169,0.742057,0.927298,0.742057]],
    "vertices":[-0.082247,-0.366796,-0.240068,-0.082247,-0.366796,0.280311,-0.082247,0.352111,0.280311,-0.082247,0.352111,-0.240068,0.082247,-0.366796,-0.240068,0.082247,-0.366796,0.280311,0.082247,0.352112,0.280311,0.082247,0.352111,-0.240068,0.027015,0.078242,-0.240068,0.027016,0.078242,-0.373251,0.027016,-0.092927,-0.347839,0.027016,-0.092927,-0.373251,-0.027015,0.078242,-0.373251,-0.027015,-0.092927,-0.34784,-0.027015,0.078242,-0.34784,0.027016,-0.12716,-0.347839,0.027016,0.112475,-0.34784,-0.027015,-0.092927,-0.373251,0.027016,0.112475,-0.373251,-0.027015,0.112475,-0.373251,0.027016,-0.12716,-0.373251,-0.027015,-0.12716,-0.373251,-0.027016,-0.12716,-0.240068,0.027015,-0.12716,-0.240068,-0.027016,0.112476,-0.240068,0.027015,0.112476,-0.240068,-0.082247,0.232293,-0.240068,-0.027015,0.112475,-0.34784,0.082247,0.232293,-0.240068,0.027015,-0.092927,-0.240068,-0.027016,-0.092927,-0.240068,-0.027016,0.078242,-0.240068,0.027016,0.078242,-0.34784,-0.027015,-0.12716,-0.34784],
    "normals":[-0.577349,-0.577349,-0.577349,-0.577349,-0.577349,0.577349,-0.577349,0.577349,0.577349,-0.577349,0.577349,-0.577349,-0.707053,0,-0.707144,0.577349,-0.577349,-0.577349,0.707083,0,-0.707083,0.577349,0.577349,-0.577349,0.577349,0.577349,0.577349,0.577349,-0.577349,0.577349,-0.904508,-0.301492,0.301492,-0.707083,0.707083,0,-0.707083,0,-0.707083,-0.301492,0.301492,-0.904508,-0.301492,-0.301492,-0.904508,0.301492,0.301492,-0.904508,0.301492,-0.301492,-0.904508,-0.707083,-0.707083,0,-0.904508,0.301492,0.301492,0.904508,-0.301492,0.301492,0.904508,0.301492,0.301492,0.707083,-0.707083,0,0.707083,0.707083,0],
    "materials":[{
        "colorDiffuse":[0.64,0.64,0.64],
        "colorSpecular":[0.5,0.5,0.5],
        "specularCoef":50,
        "depthWrite":true,
        "visible":true,
        "wireframe":false,
        "blending":"NormalBlending",
        "DbgColor":15658734,
        "mapDiffuse":"health.png",
        "transparent":false,
        "depthTest":true,
        "mapDiffuseWrap":["RepeatWrapping","RepeatWrapping"],
        "mapDiffuseRepeat":[1,1],
        "DbgIndex":0,
        "shading":"lambert",
        "mapDiffuseAnisotropy":1,
        "opacity":1,
        "vertexColors":false,
        "colorEmissive":[0,0,0],
        "DbgName":"firstAidKit"
    }],
    "faces":[42,0,1,2,0,4,0,1,0,1,2,42,2,3,26,0,1,2,3,2,3,4,42,2,26,0,0,1,3,4,2,4,0,42,4,28,7,0,9,5,6,5,6,7,42,7,6,5,0,6,7,8,7,8,9,42,7,5,4,0,6,8,9,7,9,5,43,14,27,19,12,0,10,11,12,13,10,11,3,12,43,9,12,19,18,0,14,15,16,17,6,12,3,7,42,0,26,24,0,19,20,21,0,4,13,42,24,31,30,0,21,22,23,13,14,13,42,25,28,4,0,28,29,18,15,6,5,42,8,25,4,0,27,28,18,16,15,5,42,0,24,30,0,19,21,23,0,13,13,42,0,30,22,0,19,23,24,0,13,0,42,29,8,4,0,26,27,18,15,16,5,42,0,22,23,0,19,24,25,0,0,5,42,23,29,4,0,25,26,18,5,15,5,42,4,0,23,0,18,19,25,5,0,5,43,20,21,17,11,0,12,30,31,13,5,0,12,6,43,17,12,9,11,0,31,15,14,13,12,12,6,6,43,33,13,17,21,0,32,33,34,35,17,18,12,0,43,1,5,6,2,0,36,37,38,39,1,9,8,2,43,32,10,11,9,0,40,41,42,43,19,20,6,6,43,14,32,8,31,0,44,45,46,47,10,19,16,14,43,15,33,21,20,0,48,49,50,51,21,17,0,5,43,27,16,18,19,0,52,53,54,55,11,22,7,3,43,16,32,9,18,0,56,40,43,57,22,19,6,7,43,10,15,20,11,0,41,58,59,42,20,21,5,6,43,2,6,7,3,0,60,61,62,63,2,8,7,3,43,14,13,10,32,0,64,65,66,67,10,18,20,19,43,0,4,5,1,0,68,69,70,71,0,5,9,1,43,31,24,27,14,0,42,59,11,10,14,13,11,10,43,13,14,12,17,0,33,10,13,34,18,10,12,12,43,23,22,33,15,0,72,73,49,48,5,0,17,21,43,25,8,32,16,0,74,75,40,56,15,16,19,22,43,24,25,16,27,0,76,77,78,79,13,15,22,11,43,13,30,29,10,0,80,81,82,83,18,13,15,20,43,22,30,13,33,0,57,43,33,32,0,13,18,17,43,29,23,15,10,0,84,85,58,41,15,5,21,20,43,8,29,30,31,0,27,26,23,22,16,15,13,14,42,28,25,24,0,29,28,21,6,15,13,42,24,26,3,0,21,20,86,13,4,3,42,3,7,28,0,86,87,29,3,7,6,42,24,3,28,0,21,86,29,13,3,6],
    "colors":[],
    "name":"CubeGeometry.4",
    "metadata":{
        "vertices":34,
        "normals":23,
        "materials":1,
        "faces":44,
        "colors":0,
        "version":3,
        "uvs":1,
        "type":"Geometry",
        "generator":"io_three"
    }
}