{
    "normals":[-0.363933,0.435713,-0.823176,0.410413,0.417127,-0.810877,0.832636,0.40968,0.372631,-0.348949,0.45088,0.821528,-0.829279,0.435041,-0.350719,0.852657,0.398114,-0.338267,0.381726,0.435926,0.814997,-0.814783,0.442488,0.374554,0.351573,0.404736,-0.844111,0.904813,0.308908,0.293008,-0.259316,0.431379,0.864071,-0.863704,0.421949,-0.275521,0.922269,0.298837,-0.245125,0.370312,0.385083,0.845302,-0.839351,0.437635,0.322306,-0.372784,0.43025,-0.822108,0.827357,0.414686,-0.378735,0.423078,0.442091,0.790918,-0.686514,0.558458,0.46559,-0.362072,0.508286,-0.781335,0.458632,0.430464,-0.777367,0.783258,0.422864,0.455672,-0.316752,0.51146,0.798761,-0.737327,0.561449,-0.375591,-0.309641,0.433821,-0.846095,0.389904,0.278848,-0.87759,0.929075,0.0124821,0.36961,-0.304483,0.215644,0.927763,-0.817225,0.485183,-0.310984,0.926298,0.102908,-0.362377,0.39668,0.0574969,0.916135,-0.815851,0.395306,0.421949,-0.833674,0.468093,0.292917,0.341166,0.360271,0.868191,0.911985,0.347636,-0.21778,-0.835932,0.503494,-0.218299,-0.209082,0.403058,0.890927,0.916807,0.316355,0.243568,0.300912,0.483077,-0.82223,-0.199927,0.524522,-0.82757,-0.941893,0.138585,0.305887,0.58977,-0.00854518,-0.80752,0.00143437,0.0491958,0.998779,-0.584399,0.103305,-0.804834,0.950102,0.045381,0.308603,-0.587573,0.0303049,-0.808557,0,0.0149541,0.999878,0.587054,0.0547197,-0.807672,-0.951048,0.00582904,0.308908,0.950652,-0.0418409,0.307321],
    "colors":[],
    "uvs":[[0.0484058,0.270092,0.0444174,0.236865,0.0525957,0.22325,0.0679266,0.240029,0.0526619,0.204015,0.0685105,0.193576,0.049288,0.160839,0.0448509,0.190072,0.033401,0.189187,0.0228523,0.16084,0.00481828,0.192365,0.0250111,0.202518,0.0247109,0.222556,0.00492752,0.23541,0.0223724,0.267288,0.0329458,0.236477,0.0688675,0.196457,0.068838,0.236977,0.0441583,0.220624,0.0437887,0.20925,0.0236332,0.163003,0.0475666,0.162602,0.0390978,0.201399,0.0326195,0.201436,0.00679854,0.235109,0.00679854,0.19266,0.0282515,0.209776,0.0285431,0.221033,0.050284,0.265464,0.0244084,0.265119,0.0333176,0.2284,0.0396143,0.228752,0.048822,0.161281,0.0668542,0.192198,0.0412102,0.213625,0.0395166,0.210473,0.00592266,0.192347,0.0236183,0.161532,0.0369961,0.210411,0.035136,0.213539,0.0231927,0.267796,0.00556406,0.235863,0.0351898,0.218046,0.0369771,0.221064,0.0668542,0.236553,0.0488251,0.268389,0.0394167,0.220919,0.0410587,0.217826,0.0386075,0.367886,0.0313533,0.367075,0.0360916,0.352414,0.0446642,0.358826,0.0400127,0.334496,0.0452286,0.345302,0.0260804,0.344913,0.0313586,0.334841,0.0266991,0.357733,0.00655743,0.370749,0.00681974,0.324394,0.0260242,0.294026,0.0508144,0.296364,0.0675206,0.327194,0.0675206,0.370119,0.0250265,0.40249,0.0503162,0.4015,0.340141,0.90544,0.3401,0.978812,0.331159,0.978841,0.331502,0.9053,0.366767,0.905128,0.366417,0.979508,0.35768,0.979566,0.35781,0.904896,0.348876,0.905122,0.34895,0.979192,0.322309,0.979149,0.322694,0.904943,0.358028,0.876738,0.3492,0.877338,0.331231,0.877807,0.322309,0.876971,0.340251,0.878011,0.366832,0.877292]],
    "faces":[43,80,81,82,83,0,0,1,2,3,0,0,0,0,43,0,8,84,85,0,3,2,4,5,1,1,1,1,43,86,87,88,89,0,6,7,8,9,2,2,2,2,43,90,91,92,93,0,10,11,12,13,3,3,3,3,43,94,95,9,1,0,14,15,1,0,4,4,4,4,43,7,15,14,6,0,5,4,7,6,5,5,5,5,43,5,13,12,4,0,9,8,11,10,6,6,6,6,43,3,11,10,2,0,13,12,15,14,7,7,7,7,43,99,96,97,98,0,16,17,18,19,8,8,8,8,43,103,100,101,102,0,20,21,22,23,9,9,9,9,43,107,104,105,106,0,24,25,26,27,10,10,10,10,43,111,108,109,110,0,28,29,30,31,11,11,11,11,43,22,23,31,30,0,21,16,19,22,12,12,12,12,43,20,21,29,28,0,25,20,23,26,13,13,13,13,43,18,19,27,26,0,29,24,27,30,14,14,14,14,43,16,17,25,24,0,17,28,31,18,15,15,15,15,43,115,112,113,114,0,32,33,34,35,16,16,16,16,43,119,116,117,118,0,36,37,38,39,17,17,17,17,43,123,120,121,122,0,40,41,42,43,18,18,18,18,43,127,124,125,126,0,44,45,46,47,19,19,19,19,43,39,32,40,47,0,33,44,47,34,20,20,20,20,43,37,38,46,45,0,37,32,35,38,21,21,21,21,43,35,36,44,43,0,41,36,39,42,22,22,22,22,43,33,34,42,41,0,45,40,43,46,23,23,23,23,42,128,131,134,0,48,49,50,24,24,24,42,141,129,135,0,51,48,50,25,25,25,42,144,147,136,0,52,53,50,26,26,26,42,150,153,137,0,54,55,50,27,27,27,42,132,156,138,0,49,56,50,28,28,28,42,148,142,139,0,53,51,50,29,29,29,42,154,145,140,0,55,52,50,30,30,30,42,157,151,56,0,56,54,50,31,31,31,43,160,159,152,158,0,57,58,54,56,32,32,32,32,43,162,161,146,155,0,59,60,52,55,33,33,33,33,43,164,163,143,149,0,61,62,51,53,34,34,34,34,43,165,50,64,133,0,63,57,56,49,35,35,35,35,43,51,52,62,63,0,58,59,55,54,36,36,36,36,43,53,54,60,61,0,60,61,53,52,37,37,37,37,43,55,166,130,59,0,62,64,48,51,38,38,38,38,43,48,49,57,58,0,64,63,49,48,39,39,39,39,43,167,170,171,172,0,65,66,67,68,40,40,40,40,43,175,178,179,180,0,69,70,71,72,41,41,41,41,43,183,186,72,168,0,73,74,66,65,42,42,42,42,43,173,71,70,176,0,68,67,75,76,43,43,43,43,43,187,181,184,188,0,77,72,73,78,44,44,44,44,43,189,174,177,190,0,79,68,76,80,45,45,45,45,43,68,185,169,191,0,78,73,65,81,46,46,46,46,43,65,78,182,69,0,82,69,72,77,47,47,47,47,43,67,76,75,66,0,81,65,68,79,48,48,48,48,43,77,74,73,79,0,72,71,74,73,49,49,49,49],