{
    "colors":[],
    "materials":[{
        "mapDiffuseWrap":["repeat","repeat"],
        "opacity":1,
        "DbgIndex":0,
        "colorEmissive":[0,0,0],
        "visible":true,
        "colorSpecular":[0.5,0.5,0.5],
        "DbgColor":15658734,
        "colorDiffuse":[0.64,0.64,0.64],
        "wireframe":false,
        "doubleSided":false,
        "transparent":false,
        "mapDiffuseRepeat":[1,1],
        "DbgName":"Fir_Tree_OneSided_s_03",
        "depthTest":true,
        "mapDiffuseAnisotropy":1,
        "blending":1,
        "specularCoef":50,
        "depthWrite":true,
        "shading":"phong",
        "mapDiffuse":"Decorations.jpg",
        "vertexColors":false
    }],
    "metadata":{
        "vertices":108,
        "faces":28,
        "generator":"io_three",
        "version":3,
        "materials":1,
        "colors":0,
        "uvs":1,
        "type":"Geometry",
        "normals":28
    },
    "vertices":[0.0666937,0.249718,-0.685273,-0.546238,0.252993,-0.198924,-0.459853,0.217983,0.493435,0.311874,0.187297,0.468804,0.501054,0.221655,-0.396596,0.0221368,1.41676,-0.0367017,-0.0705424,1.42314,0.0586797,-0.0430042,1.41787,0.125248,0.08864,1.40396,0.123988,0.0880736,1.40882,-0.00965451,-0.0109092,0.91223,-0.432371,-0.422261,0.869198,-0.0236263,-0.257082,0.800381,0.476951,0.353865,0.8064,0.328161,0.361899,0.883364,-0.278788,0.150951,1.85958,-0.0256308,0.0552927,1.8691,0.0732867,0.135296,1.85506,0.141868,0.22049,1.84286,0.141121,0.219394,1.84874,0.00246541,0.0354407,1.40264,-0.302644,-0.245495,1.42227,-0.011143,-0.0932759,1.40115,0.30569,0.33879,1.36548,0.302974,0.385107,1.37834,-0.200445,0.366199,2.51015,0.129421,0.214788,2.10137,-0.0219141,0.302851,2.08507,0.0113189,0.303738,2.0764,0.176049,0.188175,2.09535,0.177171,0.133293,2.11017,0.0626672,-0.0307696,0.601378,-0.0414301,0.00294627,-0.217993,-0.146624,-0.122046,-0.218511,-0.0230931,0.0210386,-0.219074,0.0926772,0.119522,-0.218494,-0.0410262,-0.00860171,0.59132,-0.116422,-0.0606264,0.589691,-0.0246561,-0.00514378,0.588465,0.00435408,0.0562075,0.589534,-0.0648625,-0.102926,0.222503,-0.0206511,0.0919441,0.222518,-0.0361275,-0.000317956,0.223305,-0.124624,0.00531995,0.22169,0.068664,0.311874,0.187297,0.468804,0.08864,1.40396,0.123988,-0.0430042,1.41787,0.125248,-0.459853,0.217983,0.493435,-0.546238,0.252993,-0.198924,-0.0705424,1.42314,0.0586797,0.0221368,1.41676,-0.0367017,0.0666937,0.249718,-0.685273,0.501054,0.221655,-0.396596,0.0880736,1.40882,-0.00965451,0.353865,0.8064,0.328161,0.22049,1.84286,0.141121,0.135296,1.85506,0.141868,-0.257082,0.800381,0.476951,-0.422261,0.869198,-0.0236263,0.0552927,1.8691,0.0732867,0.150951,1.85958,-0.0256308,-0.0109092,0.91223,-0.432371,0.361899,0.883364,-0.278788,0.219394,1.84874,0.00246541,0.385107,1.37834,-0.200445,0.302851,2.08507,0.0113189,0.302851,2.08507,0.0113189,0.302851,2.08507,0.0113189,0.303738,2.0764,0.176049,0.303738,2.0764,0.176049,0.303738,2.0764,0.176049,0.33879,1.36548,0.302974,0.188175,2.09535,0.177171,0.188175,2.09535,0.177171,0.188175,2.09535,0.177171,-0.0932759,1.40115,0.30569,-0.245495,1.42227,-0.011143,0.133293,2.11017,0.0626672,0.133293,2.11017,0.0626672,0.133293,2.11017,0.0626672,0.214788,2.10137,-0.0219141,0.214788,2.10137,-0.0219141,0.214788,2.10137,-0.0219141,0.0354407,1.40264,-0.302644,0.366199,2.51015,0.129421,0.366199,2.51015,0.129421,0.366199,2.51015,0.129421,0.366199,2.51015,0.129421,-0.000317956,0.223305,-0.124624,-0.000317956,0.223305,-0.124624,-0.000317956,0.223305,-0.124624,-0.00860171,0.59132,-0.116422,0.0562075,0.589534,-0.0648625,0.0919441,0.222518,-0.0361275,0.0919441,0.222518,-0.0361275,0.0919441,0.222518,-0.0361275,-0.102926,0.222503,-0.0206511,-0.102926,0.222503,-0.0206511,-0.102926,0.222503,-0.0206511,-0.0606264,0.589691,-0.0246561,0.119522,-0.218494,-0.0410262,0.00531995,0.22169,0.068664,0.00531995,0.22169,0.068664,0.00531995,0.22169,0.068664,0.0210386,-0.219074,0.0926772,-0.122046,-0.218511,-0.0230931,0.00294627,-0.217993,-0.146624,-0.00514378,0.588465,0.00435408],
    "faces":[43,47,44,45,46,0,0,1,2,3,0,0,0,0,43,51,48,49,50,0,4,5,6,7,1,1,1,1,43,3,52,53,8,0,1,8,9,2,2,2,2,2,43,4,0,5,9,0,8,4,7,9,3,3,3,3,43,1,2,7,6,0,5,0,3,6,4,4,4,4,43,57,54,55,56,0,10,11,12,13,5,5,5,5,43,61,58,59,60,0,14,15,16,17,6,6,6,6,43,13,62,63,18,0,11,18,19,12,7,7,7,7,43,11,12,17,16,0,15,10,13,16,8,8,8,8,43,14,10,15,19,0,18,14,17,19,9,9,9,9,43,71,64,65,68,0,20,21,22,23,10,10,10,10,43,75,23,69,72,0,24,20,23,25,11,11,11,11,43,83,76,77,80,0,26,27,28,29,12,12,12,12,42,66,81,84,0,22,29,30,13,13,13,42,78,73,85,0,28,25,30,14,14,14,43,21,22,29,79,0,27,24,25,28,15,15,15,15,42,70,86,74,0,23,30,25,16,16,16,42,27,87,28,0,22,30,23,17,17,17,42,30,25,26,0,28,30,29,18,18,18,43,24,20,82,67,0,21,26,29,22,19,19,19,19,43,88,91,92,93,0,31,32,33,34,20,20,20,20,43,96,99,36,89,0,35,36,37,38,21,21,21,21,43,100,94,101,104,0,39,34,40,41,22,22,22,22,43,105,97,90,106,0,42,35,38,43,23,23,23,23,43,102,107,37,98,0,40,44,36,35,24,24,24,24,43,32,42,95,35,0,45,31,34,39,25,25,25,25,43,41,39,38,103,0,34,33,44,40,26,26,26,26,43,43,40,33,34,0,40,35,42,41,27,27,27,27],
    "uvs":[[0.240625,0.362711,0.262141,0.310813,0.263368,0.343629,0.259228,0.363307,0.300146,0.379318,0.266122,0.400629,0.264076,0.370705,0.275085,0.362897,0.300176,0.338629,0.274709,0.351475,0.239409,0.363888,0.262783,0.30956,0.267812,0.352642,0.266073,0.358274,0.298131,0.378892,0.264221,0.402887,0.267793,0.363339,0.271937,0.360087,0.298131,0.334352,0.272091,0.355869,0.362103,0.303414,0.379067,0.377476,0.355857,0.366136,0.351134,0.341705,0.327556,0.32518,0.341394,0.348906,0.361597,0.408987,0.325443,0.383863,0.341006,0.367898,0.349707,0.375234,0.347152,0.359697,0.372603,0.886797,0.37224,0.96566,0.363477,0.965718,0.363647,0.886507,0.337172,0.88703,0.336878,0.965,0.328002,0.965305,0.328317,0.886588,0.363825,0.863736,0.354707,0.8868,0.354971,0.864331,0.33695,0.864796,0.328002,0.863967,0.354721,0.965347,0.372655,0.864285]],
    "normals":[0.0412915,0.279672,0.959197,-0.583972,0.384838,-0.714713,0.950072,0.248115,0.189093,0.504166,0.4279,-0.750114,-0.921751,0.354442,0.15717,0.207007,0.212775,0.954894,-0.665822,0.384075,-0.639607,0.990478,0.13535,0.0242317,-0.821223,0.395398,0.411328,0.385723,0.308786,-0.869381,0.994446,0.0780663,0.0701315,0.0242927,0.174657,0.984313,-0.63686,0.4214,-0.645589,0.377697,0.195166,-0.905118,-0.806726,0.396649,0.437971,-0.810968,0.404157,0.423048,0.0265511,0.103061,0.994293,0.989502,-0.143864,-0.0128788,-0.613361,0.46382,-0.63921,0.30726,0.295724,-0.904477,0.665548,0.019013,-0.746086,-0.784295,0.0397961,-0.619098,0.788751,0.0520035,0.612476,-0.706656,0.0322581,-0.706778,-0.581957,0.100345,0.80697,0.680197,0.0460524,-0.731559,0.754723,0.129063,0.643208,-0.632008,0.021363,0.774651]
}