{
    "uvs":[[0.486918,0.510355,0.981832,0.510355,0.981832,1.00527,0.486918,1.00527,0.00829969,0.5083,0.4917,0.5083,0.4917,0.9917,0.00829969,0.9917,0.982901,0.509287,0.982901,0.990713,0.501474,0.990713,0.501474,0.509287]],
    "materials":[{
        "colorDiffuse":[0.64,0.64,0.64],
        "doubleSided":false,
        "colorEmissive":[0,0,0],
        "depthWrite":true,
        "DbgColor":15658734,
        "visible":true,
        "blending":1,
        "specularCoef":50,
        "DbgIndex":0,
        "opacity":1,
        "shading":"phong",
        "transparent":false,
        "wireframe":false,
        "depthTest":true,
        "colorSpecular":[0.5,0.5,0.5],
        "DbgName":"Box"
    }],
    "normals":[-1.07959e-14,-1,5.19516e-08,0,1,0,1,7.11554e-08,2.85734e-07,-2.85734e-07,-2.13467e-07,1,-1,-2.84622e-07,-2.07806e-07,2.33782e-07,3.55778e-07,-1],
    "metadata":{
        "normals":6,
        "generator":"io_three",
        "version":3,
        "materials":1,
        "type":"Geometry",
        "uvs":1,
        "vertices":8,
        "faces":6
    },
    "vertices":[0.286828,0.140549,-0.286828,0.286828,0.140549,0.286828,-0.286828,0.140549,0.286828,-0.286828,0.140549,-0.286828,0.286828,0.349965,-0.286828,0.286828,0.349965,0.286828,-0.286828,0.349965,0.286828,-0.286828,0.349965,-0.286828],
    "faces":[43,0,1,2,3,0,0,1,2,3,0,0,0,0,43,4,7,6,5,0,4,5,6,7,1,1,1,1,43,0,4,5,1,0,8,9,10,11,2,2,2,2,43,1,5,6,2,0,8,9,10,11,3,3,3,3,43,2,6,7,3,0,8,9,10,11,4,4,4,4,43,4,0,3,7,0,8,9,10,11,5,5,5,5]
}