{
    "vertices":[0,0.530559,-0.0786917,0,0.530559,0.0786917,0.163952,0.504592,-0.0786917,0.163952,0.504592,0.0786917,0.311855,0.429231,-0.0786917,0.311855,0.429231,0.0786917,0.429231,0.311855,-0.0786917,0.429231,0.311855,0.0786917,0.504592,0.163952,-0.0786917,0.504592,0.163952,0.0786917,0.530559,-2.31915e-08,-0.0786917,0.530559,-2.31915e-08,0.0786917,0.504592,-0.163952,-0.0786917,0.504592,-0.163952,0.0786917,0.429231,-0.311855,-0.0786917,0.429231,-0.311855,0.0786917,0.311855,-0.429231,-0.0786917,0.311855,-0.429231,0.0786917,0.163952,-0.504592,-0.0786917,0.163952,-0.504592,0.0786917,-1.72878e-07,-0.530559,-0.0786917,-1.72878e-07,-0.530559,0.0786917,-0.163952,-0.504592,-0.0786917,-0.163952,-0.504592,0.0786917,-0.311855,-0.429231,-0.0786917,-0.311855,-0.429231,0.0786917,-0.429232,-0.311855,-0.0786917,-0.429232,-0.311855,0.0786917,-0.504592,-0.163951,-0.0786917,-0.504592,-0.163951,0.0786917,-0.530559,5.12308e-07,-0.0786917,-0.530559,5.12308e-07,0.0786917,-0.504592,0.163952,-0.0786917,-0.504592,0.163952,0.0786917,-0.429231,0.311855,-0.0786917,-0.429231,0.311855,0.0786917,-0.311854,0.429232,-0.0786917,-0.311854,0.429232,0.0786917,-0.163951,0.504592,-0.0786917,-0.163951,0.504592,0.0786917],
    "materials":[{
        "DbgIndex":0,
        "shading":"phong",
        "blending":1,
        "doubleSided":false,
        "DbgColor":15658734,
        "colorSpecular":[0.5,0.5,0.5],
        "opacity":1,
        "mapDiffuseWrap":["repeat","repeat"],
        "transparent":false,
        "DbgName":"CoinMaterial",
        "specularCoef":50,
        "mapDiffuseRepeat":[1,1],
        "visible":true,
        "depthTest":true,
        "mapDiffuse":"Boxes.jpg",
        "colorEmissive":[0,0,0],
        "depthWrite":true,
        "wireframe":false,
        "colorDiffuse":[0.64,0.64,0.64],
        "mapDiffuseAnisotropy":1
    }],
    "normals":[0.156434,0.987688,0,0.45399,0.891007,0,0.707107,0.707107,0,0.891007,0.45399,0,0.987688,0.156434,0,0.987688,-0.156434,0,0.891007,-0.453991,0,0.707107,-0.707107,0,0.45399,-0.891007,0,0.156434,-0.987688,0,-0.156435,-0.987688,0,-0.453991,-0.891006,0,-0.707107,-0.707106,0,-0.891007,-0.45399,0,-0.987689,-0.156434,0,-0.987688,0.156436,0,-0.891006,0.453992,0,-0.707106,0.707108,0,0,0,1,0,-0,1,-0,0,1,-0.453989,0.891007,0,-0.156434,0.987689,0,-0,0,-1,0,0,-1,0,0,-1,0,-0,-1],
    "metadata":{
        "vertices":40,
        "materials":1,
        "version":3,
        "generator":"io_three",
        "faces":56,
        "normals":27,
        "type":"Geometry",
        "uvs":1
    },
    "uvs":[[0.537952,0.648438,0.537952,0.619983,0.543045,0.619983,0.543045,0.648438,0.549031,0.619983,0.549031,0.648438,0.555327,0.619983,0.555327,0.648438,0.561313,0.619983,0.561313,0.648438,0.566406,0.619983,0.566406,0.648438,0.566406,0.676892,0.561313,0.676892,0.555327,0.676892,0.549031,0.676892,0.543045,0.676892,0.537952,0.676892,0.594861,0.619983,0.594861,0.648438,0.589768,0.648438,0.589768,0.619983,0.583781,0.648438,0.583781,0.619983,0.577486,0.648438,0.577486,0.619983,0.571499,0.648438,0.571499,0.619983,0.566406,0.619983,0.594861,0.648438,0.594861,0.676892,0.589768,0.676892,0.583781,0.676892,0.583781,0.648438,0.577486,0.676892,0.685536,0.974115,0.761759,0.983699,0.837213,0.969261,0.904513,0.932213,0.95707,0.876181,0.98974,0.806651,0.999324,0.730428,0.984886,0.654974,0.947838,0.587675,0.891806,0.535118,0.822276,0.502448,0.746053,0.492863,0.670599,0.507301,0.6033,0.54435,0.550743,0.600381,0.518073,0.669912,0.508488,0.746134,0.522926,0.821589,0.559975,0.888888,0.616006,0.941445,0.571499,0.676892]],
    "faces":[43,0,1,3,2,0,0,1,2,3,0,0,0,0,43,2,3,5,4,0,3,2,4,5,1,1,1,1,43,4,5,7,6,0,5,4,6,7,2,2,2,2,43,6,7,9,8,0,7,6,8,9,3,3,3,3,43,8,9,11,10,0,9,8,10,11,4,4,4,4,43,10,11,13,12,0,11,12,13,9,5,5,5,5,43,12,13,15,14,0,9,13,14,7,6,6,6,6,43,14,15,17,16,0,7,14,15,5,7,7,7,7,43,16,17,19,18,0,5,15,16,3,8,8,8,8,43,18,19,21,20,0,3,16,17,0,9,9,9,9,43,20,21,23,22,0,18,19,20,21,10,10,10,10,43,22,23,25,24,0,21,20,22,23,11,11,11,11,43,24,25,27,26,0,23,22,24,25,12,12,12,12,43,26,27,29,28,0,25,24,26,27,13,13,13,13,43,28,29,31,30,0,27,26,11,28,14,14,14,14,43,30,31,33,32,0,29,30,31,20,15,15,15,15,43,32,33,35,34,0,20,31,32,33,16,16,16,16,43,34,35,37,36,0,33,32,34,24,17,17,17,17,42,5,3,1,0,54,35,36,18,18,18,42,1,39,37,0,36,37,38,18,18,18,42,37,35,33,0,38,39,40,18,18,18,42,33,31,29,0,40,41,42,19,19,19,42,29,27,25,0,42,43,44,18,18,18,42,25,23,21,0,44,45,46,18,18,18,42,21,19,17,0,46,47,48,18,18,18,42,17,15,13,0,48,49,50,18,18,18,42,13,11,9,0,50,51,52,18,18,18,42,9,7,5,0,52,53,54,18,18,18,42,5,1,37,0,54,36,38,20,20,20,42,37,33,29,0,38,40,42,18,18,18,42,29,25,21,0,42,44,46,18,18,18,42,21,17,13,0,46,48,50,18,18,18,42,13,9,5,0,50,52,54,18,18,18,42,5,37,29,0,54,38,42,20,20,20,42,29,21,13,0,42,46,50,18,18,18,42,29,13,5,0,42,50,54,18,18,18,43,36,37,39,38,0,24,34,55,26,21,21,21,21,43,1,0,38,39,0,12,11,26,55,22,22,22,22,42,38,0,2,0,54,35,36,23,23,23,42,2,4,6,0,36,37,38,24,24,24,42,6,8,10,0,38,39,40,24,24,24,42,10,12,14,0,40,41,42,24,24,24,42,14,16,18,0,42,43,44,24,24,24,42,18,20,22,0,44,45,46,24,24,24,42,22,24,26,0,46,47,48,24,24,24,42,26,28,30,0,48,49,50,24,24,24,42,30,32,34,0,50,51,52,24,24,24,42,34,36,38,0,52,53,54,24,24,24,42,38,2,6,0,54,36,38,24,24,24,42,6,10,14,0,38,40,42,24,24,24,42,14,18,22,0,42,44,46,25,25,25,42,22,26,30,0,46,48,50,24,24,24,42,30,34,38,0,50,52,54,24,24,24,42,38,6,14,0,54,38,42,24,24,24,42,14,22,30,0,42,46,50,24,24,24,42,14,30,38,0,42,50,54,26,26,26]
}