{
    "vertices":[0.286828,0.140549,-0.286828,0.286828,0.140549,0.286828,-0.286828,0.140549,0.286828,-0.286828,0.140549,-0.286828,0.286828,0.349965,-0.286828,0.286828,0.349965,0.286828,-0.286828,0.349965,0.286828,-0.286828,0.349965,-0.286828],
    "materials":[{
        "DbgIndex":0,
        "shading":"phong",
        "blending":1,
        "doubleSided":false,
        "DbgColor":15658734,
        "colorSpecular":[0.5,0.5,0.5],
        "opacity":1,
        "transparent":false,
        "DbgName":"Box",
        "specularCoef":50,
        "visible":true,
        "depthTest":true,
        "colorEmissive":[0,0,0],
        "depthWrite":true,
        "wireframe":false,
        "colorDiffuse":[0.64,0.64,0.64]
    }],
    "normals":[-1.07959e-14,-1,5.19516e-08,0,1,0,1,7.11554e-08,2.85734e-07,-2.85734e-07,-2.13467e-07,1,-1,-2.84622e-07,-2.07806e-07,2.33782e-07,3.55778e-07,-1],
    "metadata":{
        "vertices":8,
        "materials":1,
        "version":3,
        "generator":"io_three",
        "faces":6,
        "normals":6,
        "type":"Geometry",
        "uvs":1
    },
    "uvs":[[0.245165,0.501025,0.492622,0.501025,0.492622,0.748482,0.245165,0.748482,0.00585622,0.499997,0.247557,0.499997,0.247557,0.741697,0.00585622,0.741697,0.493157,0.508303,0.493157,0.749016,0.252443,0.749016,0.252443,0.508303]],
    "faces":[43,0,1,2,3,0,0,1,2,3,0,0,0,0,43,4,7,6,5,0,4,5,6,7,1,1,1,1,43,0,4,5,1,0,8,9,10,11,2,2,2,2,43,1,5,6,2,0,8,9,10,11,3,3,3,3,43,2,6,7,3,0,8,9,10,11,4,4,4,4,43,4,0,3,7,0,8,9,10,11,5,5,5,5]
}