{
    "normals":[0.387585,0.751762,-0.533464,0,0.751762,0.659413,-0.387585,0.751762,-0.533464,-0.387555,0.751762,-0.533464,0.627125,0.751762,0.203772,-0.627125,0.751762,0.203772,0.565783,0.751762,-0.338664,-0.258644,0.751762,0.606555,-0.147252,0.751762,-0.64275,0.496933,0.751762,0.433424,-0.656789,0.751762,-0.058565,-0.656789,0.751762,-0.0585345,-0.627125,0.751762,0.203742,0,0.751762,0.659383,0.627125,0.751762,0.203742,0.387432,0.751305,-0.534227,0.387463,0.751335,-0.534165,0.387371,0.751091,-0.534562,0,0.751793,0.659383,-0.352214,0.772576,-0.528214,-0.589801,0.775567,0.224952,0,1,0,-0.265786,0.8052,0.530045,0.439741,0.846248,0.300729,-0.20191,0.664846,-0.719138,0.599414,0.785089,-0.155889,0.218543,0.831965,-0.509934,0.184271,0.78222,0.595111,-0.898953,0.401532,0.174993,-0.600635,0.682241,-0.416822,0.387432,0.751335,-0.534165,0.387371,0.751061,-0.534593,-0.352214,0.772607,-0.528184,-0.589801,0.775567,0.224921,0,0.999969,0,0.387585,0.751762,-0.533433,-0.627094,0.751793,0.203772,-0.258644,0.751793,0.606525,-0.383374,0.75454,-0.532579,-0.624744,0.752983,0.206549,-0.281716,0.812372,0.510514,0.415265,0.85641,0.306742,-0.601764,0.672628,-0.430555,0.387585,0.751793,-0.533433],
    "faces":[42,132,136,2,0,0,1,2,0,0,0,42,184,102,105,0,3,4,5,1,1,1,42,117,188,7,0,6,2,7,2,2,3,42,137,165,185,0,1,8,3,4,4,4,42,104,118,120,0,5,6,7,5,5,5,42,107,126,11,0,9,10,11,6,6,6,42,77,181,14,0,12,13,14,7,7,7,42,167,186,169,0,15,11,16,8,8,8,42,125,79,150,0,10,12,14,9,9,9,42,177,16,13,0,17,16,13,10,10,11,42,123,113,96,0,18,19,20,12,12,12,42,95,97,22,0,20,21,22,2,2,2,42,179,128,124,0,23,24,18,13,13,13,42,65,178,67,0,25,23,26,14,14,14,42,98,26,161,0,21,26,22,0,0,0,42,143,91,144,0,27,28,29,15,16,17,42,93,130,32,0,30,31,32,18,18,18,42,173,145,34,0,33,29,34,19,19,19,42,90,92,100,0,28,30,32,14,14,14,42,131,174,180,0,31,33,34,20,20,20,42,86,69,82,0,35,36,37,21,21,21,42,149,87,83,0,38,35,37,22,22,22,42,75,170,41,0,39,40,41,23,23,23,42,70,42,85,0,36,42,43,24,24,24,42,187,44,74,0,41,44,39,25,25,25,42,72,147,68,0,39,42,36,26,26,26,42,171,88,45,0,40,35,45,27,27,27,42,38,84,160,0,38,37,46,28,28,28,42,159,71,43,0,46,36,43,29,29,29,42,154,48,156,0,47,48,49,15,30,31,42,62,109,64,0,50,51,52,13,13,13,42,140,157,54,0,53,49,54,32,32,32,42,153,52,151,0,55,52,48,4,14,4,42,108,139,183,0,51,53,54,33,33,33,42,80,176,78,0,56,17,12,21,21,21,42,101,164,134,0,4,8,57,34,21,34,42,106,168,176,0,9,15,17,21,21,21,42,101,133,119,0,4,0,6,34,21,21,42,127,115,25,0,24,58,25,21,34,21,42,111,155,138,0,59,47,53,21,34,21,42,121,94,163,0,60,30,61,21,21,34,42,127,99,112,0,24,21,19,21,21,21,42,111,63,152,0,59,50,55,21,21,34,42,121,142,172,0,60,27,33,21,21,21,42,132,135,136,0,0,57,1,0,35,0,42,3,166,4,0,3,8,4,1,1,1,42,117,0,188,0,6,0,2,2,2,2,42,1,57,8,0,1,57,8,14,14,14,42,5,103,6,0,5,4,6,36,36,36,42,107,81,126,0,9,56,10,6,6,6,42,77,17,181,0,12,17,13,7,37,7,42,167,9,186,0,15,9,11,8,8,8,42,10,56,12,0,10,56,12,9,9,9,42,177,15,16,0,17,15,16,10,10,10,42,18,129,19,0,18,24,19,12,12,12,42,20,114,21,0,20,19,21,2,2,2,42,23,116,24,0,23,58,24,13,13,13,42,65,58,178,0,25,58,23,14,14,14,42,98,66,26,0,21,25,26,0,0,0,42,143,162,91,0,27,61,28,15,0,16,42,93,122,130,0,30,60,31,18,18,18,42,33,27,29,0,33,27,29,38,38,38,42,28,61,30,0,28,61,30,14,14,14,42,31,60,175,0,31,60,33,39,39,39,42,86,73,69,0,35,39,36,21,21,21,42,148,182,35,0,38,45,35,40,40,40,42,76,89,40,0,39,35,40,41,41,41,42,39,158,146,0,39,44,42,26,26,26,42,46,37,36,0,46,37,36,42,42,42,42,154,55,48,0,47,55,48,15,43,30,42,62,110,109,0,50,59,51,13,13,13,42,53,47,49,0,53,47,49,38,38,38,42,153,50,52,0,55,50,52,4,14,14,42,51,59,141,0,51,59,53,39,39,39,42,80,106,176,0,56,9,17,21,21,21,42,101,134,133,0,4,57,0,34,34,21,42,111,152,155,0,59,55,47,21,34,34,42,127,25,99,0,24,25,21,21,21,21,42,121,163,142,0,60,61,27,21,34,21],
    "vertices":[-0.043869,0.012794,-0.206129,-0.014129,-0.000679976,-0.203509,-0.043869,-0.000679973,-0.225116,-0.025489,-0.00067998,-0.168547,-0.051089,0.012794,-0.183908,-0.06225,-0.00067998,-0.168547,-0.055552,0.012794,-0.197641,-0.07361,-0.000679976,-0.203509,-0.036649,0.012794,-0.183908,0.237685,0.02964,-0.219707,0.296393,-0.000402978,-0.188319,0.254292,-0.000402969,-0.258651,0.233058,0.02964,-0.167813,0.167113,-0.000402981,-0.158698,0.242513,-0.000402985,-0.126545,0.206299,0.02964,-0.212516,0.174393,-0.000402971,-0.240345,0.203439,0.02964,-0.180444,-0.246181,-0.00042299,-0.085099,-0.235406,0.021251,-0.131901,-0.264454,-0.000422983,-0.141339,-0.216613,0.021251,-0.145555,-0.216613,-0.000422979,-0.176098,-0.187045,-0.00042299,-0.085099,-0.228228,0.021251,-0.109809,-0.19782,0.021251,-0.131901,-0.168772,-0.000422983,-0.141339,-0.176581,0.010549,0.115748,-0.152751,-0.000247014,0.117848,-0.176669,-0.000247012,0.100516,-0.170795,0.010549,0.133553,-0.191308,-0.000247017,0.145862,-0.161853,-0.000247017,0.145862,-0.186009,0.010549,0.122535,-0.202128,-0.000247014,0.117493,-0.016264,0.04482,0.039158,-0.02239,0.04482,-0.061578,-0.073817,0.04482,0.010297,-0.081426,-0.000678009,0.075599,0.038783,0.04482,-0.035359,0.048117,-0.000678009,0.079025,0.10608,-0.000677999,-0.005733,0.02305,-0.000778986,-0.116494,-0.050321,-0.000677989,-0.095799,0.084223,-0.000778989,-0.090275,-0.030887,-0.000678012,0.103488,-0.100671,-0.000677997,-0.023248,0.172257,0.022449,0.089079,0.222739,-0.000421011,0.093527,0.172069,-0.000421007,0.056812,0.184513,0.022449,0.126798,0.141058,-0.000421018,0.152872,0.203456,-0.000421018,0.152872,0.152284,0.022449,0.103457,0.118138,-0.000421011,0.092775,0.192087,0.022449,0.103487,0.254223,0.02964,-0.192079,-0.032187,0.012794,-0.197641,-0.204998,0.021251,-0.109809,0.160001,0.022449,0.126798,-0.182366,0.010549,0.133553,-0.16722,0.010549,0.122549,0.184513,0.022449,0.126798,0.184513,0.022449,0.126798,0.203456,-0.000421018,0.152872,-0.19782,0.021251,-0.131901,-0.19782,0.021251,-0.131901,-0.168772,-0.000422983,-0.141339,-0.02239,0.04482,-0.061578,-0.02239,0.04482,-0.061578,-0.02239,0.04482,-0.061578,-0.02239,0.04482,-0.061578,0.038783,0.04482,-0.035359,0.038783,0.04482,-0.035359,0.038783,0.04482,-0.035359,0.038783,0.04482,-0.035359,0.038783,0.04482,-0.035359,0.233058,0.02964,-0.167813,0.233058,0.02964,-0.167813,0.233058,0.02964,-0.167813,0.254223,0.02964,-0.192079,0.254223,0.02964,-0.192079,-0.073817,0.04482,0.010297,-0.073817,0.04482,0.010297,-0.073817,0.04482,0.010297,-0.050321,-0.000677989,-0.095799,-0.016264,0.04482,0.039158,-0.016264,0.04482,0.039158,-0.016264,0.04482,0.039158,-0.016264,0.04482,0.039158,-0.152751,-0.000247014,0.117848,-0.152751,-0.000247014,0.117848,-0.170795,0.010549,0.133553,-0.170795,0.010549,0.133553,-0.170795,0.010549,0.133553,-0.264454,-0.000422983,-0.141339,-0.264454,-0.000422983,-0.141339,-0.216613,0.021251,-0.145555,-0.216613,0.021251,-0.145555,-0.216613,0.021251,-0.145555,-0.161853,-0.000247017,0.145862,-0.051089,0.012794,-0.183908,-0.051089,0.012794,-0.183908,-0.051089,0.012794,-0.183908,-0.06225,-0.00067998,-0.168547,-0.06225,-0.00067998,-0.168547,0.237685,0.02964,-0.219707,0.237685,0.02964,-0.219707,0.141058,-0.000421018,0.152872,0.141058,-0.000421018,0.152872,0.160001,0.022449,0.126798,0.160001,0.022449,0.126798,-0.235406,0.021251,-0.131901,-0.235406,0.021251,-0.131901,-0.235406,0.021251,-0.131901,-0.204998,0.021251,-0.109809,-0.204998,0.021251,-0.109809,-0.055552,0.012794,-0.197641,-0.055552,0.012794,-0.197641,-0.055552,0.012794,-0.197641,-0.07361,-0.000679976,-0.203509,-0.182366,0.010549,0.133553,-0.182366,0.010549,0.133553,-0.246181,-0.00042299,-0.085099,-0.246181,-0.00042299,-0.085099,0.296393,-0.000402978,-0.188319,0.296393,-0.000402978,-0.188319,-0.228228,0.021251,-0.109809,-0.228228,0.021251,-0.109809,-0.228228,0.021251,-0.109809,-0.191308,-0.000247017,0.145862,-0.191308,-0.000247017,0.145862,-0.043869,0.012794,-0.206129,-0.043869,0.012794,-0.206129,-0.032187,0.012794,-0.197641,-0.032187,0.012794,-0.197641,-0.014129,-0.000679976,-0.203509,-0.014129,-0.000679976,-0.203509,0.152284,0.022449,0.103457,0.152284,0.022449,0.103457,0.152284,0.022449,0.103457,0.152284,0.022449,0.103457,-0.176581,0.010549,0.115748,-0.176581,0.010549,0.115748,-0.176669,