{
    "vertices":[0.424498,-0.157076,-0.366633,0.424498,-0.157076,0.366633,-0.424498,-0.157076,0.366633,-0.424498,-0.157076,-0.366634,0.424498,0.157076,-0.366633,0.424498,0.157076,0.366634,-0.424498,0.157076,0.366633,-0.424498,0.157076,-0.366633],
    "uvs":[[0.810266,0.996463,0.183982,0.996463,0.183982,-0.001494,0.810266,-0.001494,0.178539,1.00593,0.178539,-0.002591,0.818934,-0.002591,0.818934,1.00593,0.184863,0.9922,0.81077,0.992199,0.81077,-0.002076,0.184864,-0.002076,0.817576,-0.003433,0.817576,1.00459,0.179982,1.00459,0.179982,-0.003433,0.861767,0.004535,0.861767,0.981461,0.136598,0.981461,0.136598,0.004535,0.179037,0.997761,0.179037,-0.006746,0.820675,-0.006746,0.820675,0.997761]],
    "normals":[0.577349,-0.577349,-0.577349,0.577349,-0.577349,0.577349,-0.577349,-0.577349,0.577349,-0.577349,-0.577349,-0.577349,0.577349,0.577349,-0.577349,-0.577349,0.577349,-0.577349,-0.577349,0.577349,0.577349,0.577349,0.577349,0.577349],
    "name":"CubeGeometry",
    "metadata":{
        "vertices":8,
        "uvs":1,
        "normals":8,
        "version":3,
        "type":"Geometry",
        "generator":"io_three",
        "faces":6
    },
    "faces":[41,0,1,2,3,0,1,2,3,0,1,2,3,41,4,7,6,5,4,5,6,7,4,5,6,7,41,0,4,5,1,8,9,10,11,0,4,7,1,41,1,5,6,2,12,13,14,15,1,7,6,2,41,2,6,7,3,16,17,18,19,2,6,5,3,41,4,0,3,7,20,21,22,23,4,0,3,5]
}