{
    "uvs":[[0.510391,1.15747,0.510391,-0.170702,0.523424,-0.019538,0.523424,1.00631,0.980692,0.299948,0.803083,0.299948,0.803082,-0.00639,0.980692,-0.00639,0.618842,1.1105,0.500871,1.1105,0.510874,1.01109,0.609769,1.01109,0.83221,0.33311,0.991956,0.33311,0.991956,0.608638,0.83221,0.608638,0.823425,0.275391,0.823425,-0.005627,0.963934,-0.005627,0.963934,0.275391,0.986574,0.031662,0.986574,0.264559,0.870126,0.264559,0.870126,0.031662,0.49603,1.01449,0.000144,1.01449,0.000144,-0.011808,0.49603,-0.011809,0.618842,-0.119045,0.609769,-0.019636,0.500871,-0.119045,0.510874,-0.019636,0.497729,1.01257,0.000572,1.01257,0.000572,-0.017061,0.497729,-0.017061,0.624903,-0.170702,0.624903,1.15747,0.61187,1.00631,0.61187,-0.019537]],
    "name":"Cube.007Geometry.5",
    "normals":[-0.553148,-0.620808,-0.555467,0.553148,-0.620808,-0.555467,-0.079897,-0.99237,0.093783,0.079897,-0.99237,0.093783,-0.536607,0.647877,-0.540605,0.536607,0.647877,-0.540605,-0.536607,0.647877,0.540605,0.131016,0.979614,-0.152074,0.131016,0.979614,0.152074,0.553148,-0.620808,0.555467,0.536607,0.647877,0.540605,-0.553148,-0.620808,0.555467,-0.131016,0.979614,-0.152074,-0.131016,0.979614,0.152074,0.079897,-0.99237,-0.093783,-0.079897,-0.99237,-0.093783],
    "faces":[43,3,2,15,14,0,0,1,2,3,0,1,2,3,43,3,7,6,2,0,4,5,6,7,0,4,5,1,43,7,5,10,8,0,8,9,10,11,4,6,7,8,43,0,4,5,1,0,14,15,12,13,9,10,6,11,43,0,2,6,4,0,16,17,18,19,9,1,5,10,43,5,7,3,1,0,20,21,22,23,6,4,0,11,43,8,10,11,9,0,24,25,26,27,8,7,12,13,43,6,7,8,9,0,28,8,11,29,5,4,8,13,43,5,4,11,10,0,9,30,31,10,6,10,12,7,43,4,6,9,11,0,30,28,29,31,10,5,13,12,43,13,14,15,12,0,32,33,34,35,14,3,2,15,43,0,1,13,12,0,36,37,38,39,9,11,14,15,43,2,0,12,15,0,1,36,39,2,1,9,15,2,43,1,3,14,13,0,37,0,3,38,11,0,3,14],
    "metadata":{
        "generator":"io_three",
        "version":3,
        "colors":0,
        "vertices":16,
        "materials":1,
        "uvs":1,
        "normals":16,
        "faces":14,
        "type":"Geometry"
    },
    "colors":[],
    "vertices":[0.652269,-0.370124,0.668867,-0.770579,-0.370124,0.668867,0.652269,-0.370124,-0.595928,-0.770579,-0.370124,-0.595928,0.652269,0.361974,0.668867,-0.770579,0.361974,0.668867,0.652269,0.361974,-0.595928,-0.770579,0.361974,-0.595928,-0.655541,0.319335,-0.493669,0.537231,0.319335,-0.493669,-0.655541,0.319335,0.566608,0.537231,0.319335,0.566608,0.490329,-0.3343,0.524916,-0.608639,-0.3343,0.524916,-0.608639,-0.3343,-0.451977,0.490329,-0.3343,-0.451977],
    "materials":[{
        "mapDiffuse":"ammo.jpg",
        "depthTest":true,
        "wireframe":false,
        "vertexColors":false,
        "colorEmissive":[0,0,0],
        "shading":"phong",
        "visible":true,
        "DbgIndex":0,
        "colorDiffuse":[0.64,0.64,0.64],
        "transparent":false,
        "mapDiffuseRepeat":[1,1],
        "DbgName":"ammonition_material",
        "mapDiffuseWrap":["RepeatWrapping","RepeatWrapping"],
        "blending":"NormalBlending",
        "colorSpecular":[0.5,0.5,0.5],
        "depthWrite":true,
        "DbgColor":15658734,
        "mapDiffuseAnisotropy":1,
        "opacity":1,
        "specularCoef":50
    }]
}