{
    "uvs":[[0.510391,1.15747,0.510391,-0.170702,0.523424,-0.019538,0.523424,1.00631,0.980692,0.299948,0.803083,0.299948,0.803082,-0.00639,0.980692,-0.00639,0.618842,1.1105,0.500871,1.1105,0.510874,1.01109,0.609769,1.01109,0.83221,0.33311,0.991956,0.33311,0.991956,0.608638,0.83221,0.608638,0.823425,0.275391,0.823425,-0.005627,0.963934,-0.005627,0.963934,0.275391,0.986574,0.031662,0.986574,0.264559,0.870126,0.264559,0.870126,0.031662,0.49603,1.01449,0.000144,1.01449,0.000144,-0.011808,0.49603,-0.011809,0.618842,-0.119045,0.609769,-0.019636,0.500871,-0.119045,0.510874,-0.019636,0.497729,1.01257,0.000572,1.01257,0.000572,-0.017061,0.497729,-0.017061,0.624903,-0.170702,0.624903,1.15747,0.61187,1.00631,0.61187,-0.019537]],
    "name":"Cube.007Geometry.1",
    "faces":[43,3,2,15,14,0,0,1,2,3,0,1,2,3,43,3,7,6,2,0,4,5,6,7,0,4,5,1,43,7,5,10,8,0,8,9,10,11,4,6,7,8,43,0,4,5,1,0,14,15,12,13,9,10,6,11,43,0,2,6,4,0,16,17,18,19,9,1,5,10,43,5,7,3,1,0,20,21,22,23,6,4,0,11,43,8,10,11,9,0,24,25,26,27,8,7,12,13,43,6,7,8,9,0,28,8,11,29,5,4,8,13,43,5,4,11,10,0,9,30,31,10,6,10,12,7,43,4,6,9,11,0,30,28,29,31,10,5,13,12,43,13,14,15,12,0,32,33,34,35,14,3,2,15,43,0,1,13,12,0,36,37,38,39,9,11,14,15,43,2,0,12,15,0,1,36,39,2,1,9,15,2,43,1,3,14,13,0,37,0,3,38,11,0,3,14],
    "vertices":[0.493609,-0.132734,0.527831,-0.611919,-0.132734,0.527831,0.493609,-0.132735,-0.454892,-0.611919,-0.132734,-0.454892,0.493609,0.124584,0.527831,-0.611919,0.124585,0.527831,0.493609,0.124584,-0.454892,-0.611919,0.124585,-0.454892,-0.522536,0.109598,-0.375438,0.404226,0.109598,-0.375438,-0.522536,0.109598,0.448377,0.404226,0.109598,0.448377,0.367784,-0.120143,0.415983,-0.486094,-0.120143,0.415983,-0.486094,-0.120143,-0.343044,0.367784,-0.120143,-0.343044],
    "materials":[{
        "DbgIndex":0,
        "opacity":1,
        "specularCoef":50,
        "depthWrite":true,
        "colorEmissive":[0,0,0],
        "blending":"NormalBlending",
        "shading":"phong",
        "colorSpecular":[0.5,0.5,0.5],
        "mapDiffuseRepeat":[1,1],
        "vertexColors":false,
        "mapDiffuse":"ammo.jpg",
        "DbgColor":15658734,
        "colorDiffuse":[0.64,0.64,0.64],
        "visible":true,
        "depthTest":true,
        "transparent":false,
        "wireframe":false,
        "mapDiffuseAnisotropy":1,
        "DbgName":"ammonition_material",
        "mapDiffuseWrap":["RepeatWrapping","RepeatWrapping"]
    }],
    "normals":[-0.566515,-0.59743,-0.567522,0.566515,-0.59743,-0.567522,-0.03647,-0.998383,0.043092,0.03647,-0.998383,0.043092,-0.559069,0.610614,-0.560808,0.559069,0.610614,-0.560808,-0.559069,0.610614,0.560808,0.060854,0.995544,-0.071657,0.060854,0.995544,0.071657,0.566515,-0.59743,0.567522,0.559069,0.610614,0.560808,-0.566515,-0.59743,0.567522,-0.060854,0.995544,-0.071657,-0.060854,0.995544,0.071657,0.03647,-0.998383,-0.043092,-0.03647,-0.998383,-0.043092],
    "metadata":{
        "generator":"io_three",
        "version":3,
        "materials":1,
        "vertices":16,
        "uvs":1,
        "normals":16,
        "colors":0,
        "type":"Geometry",
        "faces":14
    },
    "colors":[]
}