{
    "metadata":{
        "version":3,
        "materials":1,
        "type":"Geometry",
        "normals":6,
        "vertices":8,
        "uvs":0,
        "generator":"io_three",
        "faces":6
    },
    "normals":[1,0,0,0,0,1,-1,-0,0,0,-0,-1,0,1,-4.36794e-08,0,-1,8.47115e-08],
    "vertices":[-13.4393,-0.0758538,11.2579,-13.4393,10.1603,11.2579,-13.4393,-0.0758548,-11.2579,-13.4393,10.1603,-11.2579,13.4393,-0.0758538,11.2579,13.4393,10.1603,11.2579,13.4393,-0.0758548,-11.2579,13.4393,10.1603,-11.2579],
    "uvs":[],
    "materials":[{
        "DbgName":"Wall",
        "colorEmissive":[0,0,0],
        "depthWrite":true,
        "blending":1,
        "colorSpecular":[0.5,0.5,0.5],
        "DbgIndex":0,
        "transparent":false,
        "DbgColor":15658734,
        "depthTest":true,
        "doubleSided":false,
        "wireframe":false,
        "visible":true,
        "opacity":1,
        "shading":"phong",
        "specularCoef":0,
        "colorDiffuse":[0.64,0.64,0.64]
    }],
    "faces":[35,0,2,3,1,0,0,0,0,0,35,2,6,7,3,0,1,1,1,1,35,6,4,5,7,0,2,2,2,2,35,4,0,1,5,0,3,3,3,3,35,2,0,4,6,0,4,4,4,4,35,7,5,1,3,0,5,5,5,5]
}