{
    "materials":[{
        "mapDiffuse":"highGrass_texture.png",
        "colorDiffuse":[0.64,0.64,0.64],
        "vertexColors":false,
        "visible":true,
        "mapDiffuseRepeat":[1,1],
        "colorSpecular":[0.5,0.5,0.5],
        "DbgIndex":2,
        "wireframe":false,
        "specularCoef":50,
        "transparent":true,
        "depthWrite":true,
        "DbgName":"highGrass",
        "shading":"phong",
        "colorEmissive":[0,0,0],
        "mapDiffuseAnisotropy":1,
        "blending":"NormalBlending",
        "depthTest":true,
        "DbgColor":60928,
        "mapDiffuseWrap":["RepeatWrapping","RepeatWrapping"],
        "opacity":1
    },{
        "mapDiffuse":"grass_texture.png",
        "colorDiffuse":[0.7288,0.7288,0.7288],
        "vertexColors":false,
        "visible":true,
        "mapDiffuseRepeat":[1,1],
        "DbgIndex":0,
        "wireframe":false,
        "mapDiffuseAnisotropy":1,
        "transparent":true,
        "depthWrite":true,
        "DbgName":"Material",
        "shading":"lambert",
        "colorEmissive":[0,0,0],
        "blending":"NormalBlending",
        "depthTest":true,
        "DbgColor":15658734,
        "mapDiffuseWrap":["RepeatWrapping","RepeatWrapping"],
        "opacity":1
    },{
        "mapDiffuse":"newStone.jpg",
        "colorDiffuse":[0.64,0.64,0.64],
        "vertexColors":false,
        "visible":true,
        "mapDiffuseRepeat":[1.1,1.1],
        "colorSpecular":[0.5,0.5,0.5],
        "DbgIndex":1,
        "wireframe":false,
        "specularCoef":50,
        "transparent":false,
        "depthWrite":true,
        "DbgName":"stone",
        "shading":"phong",
        "colorEmissive":[0,0,0],
        "mapDiffuseAnisotropy":1,
        "blending":"NormalBlending",
        "depthTest":true,
        "DbgColor":15597568,
        "mapDiffuseWrap":["RepeatWrapping","RepeatWrapping"],
        "opacity":1
    }],
    "normals":[-0.446394,-0.74163,0.500656,-0.774377,0.540208,0.329356,-0.249763,0.542253,-0.80221,0.210761,-0.647389,-0.732383,-0.51442,-0.787957,-0.338267,-0.302103,0.352916,-0.885525,0.821162,0.383312,-0.422773,0.766472,-0.552355,0.327708,0.670339,-0.734855,0.102939,0.618946,0.352886,0.701651,-0.646596,0.397382,0.651112,-0.845546,-0.529344,-0.069308,-0.704123,-0.684194,0.189856,-0.805689,0.353954,-0.474899,0.446333,0.402234,-0.799341,0.82522,-0.548112,-0.136082,0.166692,-0.657002,0.735191,-0.258675,0.526048,0.810114,-0.795007,0.536546,-0.282937,-0.49144,-0.719077,-0.491287,0.512162,-0.66393,-0.544847,0.7275,0.566118,-0.387585,0.293863,0.553423,0.779321,0.048372,-0.690329,0.721854,-0.039979,-0.68453,-0.727866,0.23426,0.565874,-0.79049,0.742698,0.571398,0.349132,0.522568,-0.687643,0.503983,0.476272,-0.878018,0.047365,0.8287,0.462447,0.315195,-0.282815,0.506699,0.814386,-0.727928,-0.524033,0.442122,-0.472488,0.876949,0.087649,-0.391919,0.81225,0.431959,0.3979,0.914396,-0.07419,-0.007477,0.995941,0.089328,-0.20365,0.978912,-0.015442,0.21662,0.965087,-0.147069,0.255928,0.966674,-0.00531,0.003754,0.885891,-0.46382,-0.088046,0.982757,0.16242,0.073458,0.994598,0.072909,0.049959,0.961791,-0.269082,0.058596,0.995239,0.077456,0.5786,-0.280435,0.765862,0.967345,-0.252541,0.02121,0.753563,0.651601,-0.086581,0.327403,0.580157,0.745781,-0.769311,-0.189611,0.610034,0.023774,-0.144932,0.989135,0.132756,0.830744,0.540544,-0.730155,0.668813,0.139653,0.463759,-0.205481,-0.861782,-0.320383,-0.165777,-0.932646,-0.269295,0.834101,-0.481338,0.54677,0.710044,-0.443648,-0.146306,-0.153813,0.977172,0.551897,-0.116276,0.825739,0.399274,0.827723,0.394177,-0.297433,0.75512,0.584185,0.954985,-0.296274,0.012482,0.531632,-0.301492,-0.791467,0.288125,0.610034,-0.73809,0.749962,0.65041,0.120365,-0.586688,-0.37376,-0.718375,-0.90875,-0.385296,0.160161,-0.76751,0.589831,0.250893,-0.433302,0.608325,-0.664968,-0.929594,-0.360607,-0.075838,-0.557115,-0.368023,0.744407,-0.386517,0.577746,0.718863,-0.791467,0.58565,-0.174749,0.148564,-0.333811,-0.930845,-0.720206,-0.218665,-0.658376,-0.499924,0.768242,-0.399792,0.49266,0.493912,-0.716422],
    "metadata":{
        "version":3,
        "faces":68,
        "vertices":76,
        "uvs":1,
        "materials":3,
        "normals":76,
        "type":"Geometry",
        "colors":0,
        "generator":"io_three"
    },
    "vertices":[-0.519704,0.034379,0.254184,-0.196207,0.032366,-0.469691,-1.27685,1.47371,0.061973,-0.914986,1.47146,-0.747741,0.244214,0.119197,-0.572795,0.849021,0.125571,-0.345423,0.341054,0.524681,-0.981566,0.94586,0.531055,-0.754193,0.322368,0.123236,0.870051,-0.627998,0.123236,0.812729,0.386953,0.536085,1.27782,-0.563414,0.536085,1.2205,-0.476798,0.113279,-0.386202,0.456022,0.113279,-0.576806,-0.644719,0.526128,-0.763359,0.288101,0.526128,-0.953962,-0.452704,0.110509,0.843732,-0.70933,0.108902,0.265174,-0.766431,0.754864,0.981577,-1.02306,0.753258,0.403018,1.03278,0.107014,0.088629,0.806105,0.09899,0.679514,1.19912,0.662106,0.15998,0.972452,0.654082,0.750864,0.595817,0.110509,-0.370556,0.852443,0.108902,0.208003,1.02286,1.42133,-0.598933,1.30991,1.41953,0.048234,0.660316,0.113279,0.537159,0.125108,0.113279,0.875007,1.23682,1.25867,0.969966,0.638147,1.25867,1.34788,-0.236553,0.211091,0.627659,0.23744,0.217185,0.687402,0.470571,0.16024,0.112407,0.232208,0.157116,-0.292227,-0.313665,0.118821,0.269172,-0.280678,0.172442,-0.274929,0.592008,0.261364,0.182136,0.189068,0.244734,-0.413843,-0.423177,0.268489,0.482087,0.122493,0.402965,0.225684,-0.433294,0.273326,-0.20006,0.083329,0.305834,-0.245295,-1.13747,1.42188,0.090779,-0.44315,0.067147,0.261321,-0.153174,0.065343,-0.387546,-0.813109,1.41986,-0.635033,0.312383,0.507923,-0.869688,0.225578,0.144455,-0.503274,0.767715,0.150168,-0.299462,0.85452,0.513636,-0.665876,0.353526,0.518145,1.15558,0.295634,0.148075,0.790065,-0.556256,0.148075,0.738682,-0.498364,0.518145,1.1042,-0.571244,0.50922,-0.674092,-0.420723,0.13915,-0.336016,0.415439,0.13915,-0.506869,0.264917,0.50922,-0.844945,-0.680344,0.714254,0.890035,-0.399125,0.136667,0.766473,-0.629161,0.135227,0.247865,-0.910379,0.712814,0.371426,1.08154,0.631107,0.153571,0.932431,0.133534,0.089613,0.729246,0.126342,0.619271,0.878356,0.623915,0.683228,0.920197,1.37995,-0.50989,0.540748,0.136667,-0.309511,0.770783,0.135227,0.209097,1.17751,1.37834,0.070217,1.20342,1.23975,0.864828,0.653291,0.13915,0.479342,0.17354,0.13915,0.782183,0.66678,1.23975,1.20358],