{
    "materials": [{
        "blending": "NormalBlending",
        "colorAmbient": [0.64,0.64,0.64],
        "vertexColors": false,
        "mapDiffuseRepeat": [1,1],
        "DbgIndex": 0,
        "depthWrite": true,
        "depthTest": true,
        "opacity": 1,
        "DbgColor": 15658734,
        "visible": true,
        "colorEmissive": [0,0,0],
        "mapDiffuseAnisotropy": 1,
        "mapDiffuse": "Rocks_Texture_Atlas.png",
        "wireframe": false,
        "colorDiffuse": [0.64,0.64,0.64],
        "shading": "lambert",
        "DbgName": "Material.002",
        "transparent": false,
        "mapDiffuseWrap": ["RepeatWrapping","RepeatWrapping"]
    }],
    "name": "Rock_Round_l_03.001Geometry",
    "uvs": [[0.0667,0.9324,0.0855,0.9329,0.0831,0.9367,0.0501,0.9475,0.0483,0.9509,0.0486,0.945,0.0111,0.9492,0.0134,0.937,0.0137,0.9477,0.0581,0.9606,0.0724,0.9674,0.0652,0.97,0.0687,0.9229,0.065,0.9158,0.0717,0.9176,0.0209,0.942,0.0199,0.9542,0.0916,0.9367,0.0873,0.9494,0.087,0.9427,0.0701,0.8906,0.0758,0.8869,0.0822,0.8891,0.0517,0.9412,0.0483,0.9397,0.0517,0.937,0.0781,0.9061,0.0637,0.8951,0.0663,0.8996,0.0617,0.9006,0.0645,0.8976,0.0708,0.9032,0.0496,0.9001,0.0455,0.9163,0.0414,0.9006,0.0612,0.9139,0.0521,0.9436,0.069,0.9394,0.0526,0.9473,0.0862,0.9464,0.0859,0.9414,0.0853,0.9368,0.0322,0.9582,0.0235,0.9664,0.0249,0.9586,0.0182,0.9568,0.0891,0.9233,0.1104,0.9287,0.089,0.9301,0.0161,0.9645,0.068,0.9271,0.0874,0.9284,0.0501,0.9587,0.0864,0.9088,0.0921,0.9046,0.1078,0.9136,0.09,0.9154,0.0353,0.944,0.0483,0.9525,0.0338,0.9462,0.0256,0.956,0.0436,0.8887,0.0822,0.9831,0.0775,0.9864,0.0752,0.9829,0.089,0.9233,0.0353,0.9161,0.0707,0.9502,0.0262,0.9439,0.032,0.9555,0.0482,0.9474,0.0456,0.937,0.0684,0.9456,0.0847,0.8933,0.0148,0.9217,0.0241,0.9349,0.0137,0.9326,0.0174,0.94,0.0862,0.9456,0.0916,0.9505,0.1026,0.8933,0.1055,0.9046,0.0738,0.9835,0.0846,0.9675,0.0857,0.8927,0.0862,0.952,0.0521,0.9082,0.0939,0.8908,0.105,0.8899,0.0704,0.9828,0.05,0.9163,0.0478,0.9362,0.051,0.945,0.0543,0.9535,0.089,0.8938,0.0322,0.954,0.0927,0.8888,0.0989,0.8869,0.0213,0.9197,0.0327,0.9354,0.0399,0.937,0.0111,0.9264,0.0227,0.9096,0.03,0.9173,0.0315,0.9032,0.0892,0.9341,0.1106,0.9327,0.0686,0.9367,0.0315,0.966,0.1106,0.9216,0.0521,0.8869,0.0834,0.9849,0.0322,0.9437,0.0521,0.936,0.0483,0.9589,0.0202,0.9133,0.0396,0.9008]],
    "normals": [-0.22187,0.104251,0.969481,-0.449019,0.059877,0.891507,-0.442274,0,0.896878,0.148412,0.925474,0.34846,-0.21308,0.921873,0.323557,0.165105,0.935148,0.313364,0.899106,0.310434,-0.308512,0.749443,0.160772,-0.642232,0.863918,0.49031,-0.11478,-0.611591,0.480575,-0.628437,-0.886654,0.461104,0.03412,-0.784082,0.392956,-0.480392,-0.260964,0.220191,0.939879,-0.004364,0.273904,0.96173,0.45027,0.885708,0.112735,0.705222,0.644276,0.295816,0.747215,0.501358,-0.436171,0.166875,0.809107,0.563402,0.378887,0.90231,-0.205542,0.863613,0.490616,-0.115848,0.493393,0.767449,-0.409314,0.273721,0.955687,-0.108249,0.188879,0.441725,0.87701,0.270882,0.930784,0.24543,0.816279,0.556993,0.152989,0.90173,0.182867,-0.391644,0.721732,0.096683,-0.685324,-0.645863,0,-0.763421,-0.995331,0.043947,0.085849,-0.638813,0.059694,-0.766991,-0.45378,0.159368,0.876736,-0.30607,0.324809,0.894864,0.374889,0.158055,0.91348,0.384533,0.33018,0.862026,0.862911,0.378338,0.334971,-0.631886,0.240089,-0.7369,0.219428,-0.016694,-0.975463,0.909268,0.150151,0.388104,-0.276589,0.133946,0.951598,-0.510941,0.455733,0.728843,0.114383,0.400403,-0.909146,-0.280343,0.576464,0.767479,0.30369,0.627308,0.717063,-0.478408,0.726951,0.492569,-0.720725,0.690848,0.057131,-0.463179,0.408246,0.786615,-0.891293,0.444502,0.089328,-0.98236,0.183782,-0.034181,0.480605,0.570849,0.66567,0.017884,0.300546,-0.953581,0.018036,0.575671,-0.817438,0.849635,0.525101,0.048402,-0.570269,0.805658,-0.160253,0.176214,0.853328,0.490646,-0.610523,0.641377,-0.464583,0.655721,0.452437,-0.604389,-0.300729,0.18305,0.935942,0.189306,0.133793,-0.972747,0.689932,0.440474,-0.574419,0.194159,0,-0.980956,-0.997925,0,0.063936],
    "faces": [42,0,1,2,0,0,1,2,0,1,2,42,3,4,5,0,3,4,5,3,4,5,42,6,7,8,0,6,7,8,6,7,8,42,9,10,11,0,9,10,11,9,10,11,42,12,4,13,0,12,13,14,12,4,13,42,8,14,15,0,8,15,16,8,14,15,42,16,17,18,0,17,18,19,16,17,18,42,19,20,21,0,20,21,22,19,20,21,42,14,3,5,0,23,24,25,14,3,5,42,19,22,16,0,20,26,27,19,22,16,42,23,24,18,0,28,29,30,23,24,18,42,24,23,17,0,29,28,31,24,23,17,42,25,26,6,0,32,33,34,25,26,6,42,17,13,3,0,31,14,35,17,13,3,42,27,28,29,0,36,37,38,27,28,29,42,30,28,1,0,39,37,40,30,28,1,42,28,2,1,0,37,41,40,28,2,1,42,31,32,33,0,42,43,44,31,32,33,42,8,34,6,0,8,45,6,8,34,6,42,35,36,29,0,46,47,48,35,36,29,42,33,37,34,0,44,49,45,33,37,34,42,38,12,30,0,50,12,51,38,12,30,42,3,13,4,0,3,52,4,3,13,4,42,39,13,22,0,53,14,26,39,13,22,42,38,1,0,0,50,1,0,38,1,0,42,11,40,9,0,54,55,56,11,40,9,42,41,38,31,0,57,58,59,41,38,31,42,42,31,33,0,60,42,44,42,31,33,42,34,25,6,0,61,32,34,34,25,6,42,43,21,44,0,62,63,64,43,21,44,42,40,35,9,0,55,46,56,40,35,9,42,45,12,13,0,65,12,14,45,12,13,42,15,33,34,0,16,44,45,15,33,34,42,6,26,7,0,34,33,66,6,26,7,42,9,46,10,0,9,67,10,9,46,10,42,5,15,14,0,68,16,15,5,15,14,42,5,41,42,0,68,69,60,5,41,42,42,12,41,4,0,70,57,71,12,41,4,42,47,29,28,0,72,38,37,47,29,28,42,48,19,21,0,73,20,22,48,19,21,42,19,49,50,0,74,75,76,19,49,50,42,8,51,14,0,8,77,15,8,51,14,42,23,18,17,0,78,19,18,23,18,17,42,16,22,17,0,17,79,18,16,22,17,42,11,50,49,0,54,80,81,11,50,49,42,52,44,21,0,82,64,63,52,44,21,42,39,44,10,0,83,64,10,39,44,10,42,21,53,48,0,22,84,73,21,53,48,42,46,30,45,0,67,39,85,46,30,45,42,24,3,51,0,29,35,86,24,3,51,42,54,20,50,0,87,88,80,54,20,50,42,54,10,44,0,89,10,64,54,10,44,42,55,36,26,0,90,91,33,55,36,26,42,14,51,3,0,23,92,24,14,51,3,42,46,35,47,0,67,93,72,46,35,47,42,10,45,39,0,10,85,83,10,45,39,42,22,43,39,0,26,94,53,22,43,39,42,48,53,43,0,73,84,94,48,53,43,42,38,56,31,0,58,95,59,38,56,31,42,52,21,54,0,96,97,87,52,21,54,42,16,40,49,0,98,99,75,16,40,49,42,57,26,36,0,100,33,91,57,26,36,42,52,54,44,0,82,89,64,52,54,44,42,40,7,57,0,99,66,100,40,7,57,42,20,19,50,0,101,74,76,20,19,50,42,16,24,58,0,98,102,103,16,24,58,42,24,51,58,0,102,104,103,24,51,58,42,51,7,58,0,104,66,103,51,7,58,42,27,36,59,0,105,47,106,27,36,59,42,25,55,26,0,32,90,33,25,55,26,42,17,22,13,0,31,26,14,17,22,13,42,27,60,28,0,36,107,37,27,60,28,42,30,47,28,0,39,72,37,30,47,28,42,28,60,2,0,37,107,41,28,60,2,42,31,56,32,0,42,108,43,31,56,32,42,8,15,34,0,8,16,45,8,15,34,42,35,57,36,0,46,109,47,35,57,36,42,33,32,37,0,44,43,49,33,32,37,42,39,45,13,0,53,65,14,39,45,13,42,38,30,1,0,50,51,1,38,30,1,42,11,49,40,0,54,81,55,11,49,40,42,41,12,38,0,57,70,58,41,12,38,42,42,41,31,0,60,69,42,42,41,31,42,34,37,25,0,61,110,32,34,37,25,42,43,53,21,0,62,111,63,43,53,21,42,40,57,35,0,55,109,46,40,57,35,42,45,30,12,0,65,51,12,45,30,12,42,15,42,33,0,16,60,44,15,42,33,42,5,42,15,0,68,60,16,5,42,15,42,5,4,41,0,68,112,69,5,4,41,42,47,35,29,0,72,93,38,47,35,29,42,48,22,19,0,73,26,20,48,22,19,42,19,16,49,0,74,98,75,19,16,49,42,11,54,50,0,54,87,80,11,54,50,42,39,43,44,0,83,62,64,39,43,44,42,46,47,30,0,67,72,39,46,47,30,42,24,17,3,0,29,31,35,24,17,3,42,54,21,20,0,87,97,88,54,21,20,42,54,11,10,0,89,11,10,54,11,10,42,55,59,36,0,90,113,91,55,59,36,42,46,9,35,0,67,9,93,46,9,35,42,10,46,45,0,10,67,85,10,46,45,42,22,48,43,0,26,73,94,22,48,43,42,38,0,56,0,58,114,95,38,0,56,42,16,58,40,0,98,103,99,16,58,40,42,57,7,26,0,100,66,33,57,7,26,42,40,58,7,0,99,103,66,40,58,7,42,16,18,24,0,98,115,102,16,18,24,42,51,8,7,0,104,116,66,51,8,7,42,27,29,36,0,105,48,47,27,29,36],
    "metadata": {
        "materials": 1,
        "uvs": 1,
        "vertices": 61,
        "version": 3,
        "colors": 0,
        "type": "Geometry",
        "generator": "io_three",
        "normals": 61,
        "faces": 110
    },
    "colors": [],