{
    "materials": [{
        "blending": "NormalBlending",
        "colorAmbient": [0.64,0.64,0.64],
        "vertexColors": false,
        "mapDiffuseRepeat": [1,1],
        "DbgIndex": 0,
        "depthWrite": true,
        "depthTest": true,
        "opacity": 1,
        "DbgColor": 15658734,
        "visible": true,
        "colorEmissive": [0,0,0],
        "mapDiffuseAnisotropy": 1,
        "mapDiffuse": "Rocks_Texture_Atlas.png",
        "wireframe": false,
        "colorDiffuse": [0.64,0.64,0.64],
        "shading": "lambert",
        "DbgName": "Material.003",
        "transparent": false,
        "mapDiffuseWrap": ["RepeatWrapping","RepeatWrapping"]
    }],
    "name": "Rock_Round_m_04Geometry",
    "uvs": [[0.4265,0.9041,0.4206,0.9033,0.4219,0.9004,0.4114,0.8985,0.4254,0.9157,0.4053,0.9024,0.4018,0.9088,0.4419,0.9579,0.4352,0.9569,0.4419,0.9537,0.4265,0.9297,0.4224,0.9335,0.4552,0.9102,0.4487,0.8962,0.4618,0.9051,0.4693,0.9479,0.4743,0.9588,0.4671,0.9631,0.4127,0.9442,0.4103,0.9447,0.4068,0.9412,0.4687,0.9175,0.4768,0.9228,0.475,0.9293,0.4731,0.9007,0.4643,0.8991,0.4687,0.8953,0.398,0.9421,0.3921,0.9355,0.3962,0.9347,0.4768,0.9053,0.4735,0.9082,0.4135,0.8957,0.4099,0.8953,0.4386,0.9376,0.4306,0.9306,0.4355,0.9202,0.468,0.9132,0.4654,0.905,0.463,0.9157,0.4647,0.9211,0.3955,0.9067,0.4265,0.914,0.4268,0.9197,0.3908,0.929,0.4067,0.9371,0.396,0.9309,0.403,0.8985,0.3938,0.9059,0.4539,0.9366,0.4584,0.9161,0.46,0.9342,0.4276,0.9511,0.4419,0.9452,0.4739,0.9445,0.4749,0.9427,0.4749,0.9737,0.4705,0.9822,0.4648,0.9695,0.4762,0.9021,0.4365,0.9109,0.4304,0.8983,0.3942,0.9102,0.4729,0.9641,0.4022,0.9448,0.3974,0.9169,0.3899,0.9144,0.4398,0.9409,0.4265,0.9407,0.4311,0.9376,0.4479,0.9362,0.4424,0.901,0.463,0.9144,0.4279,0.9456,0.4722,0.9368,0.4342,0.8953,0.463,0.933,0.4704,0.9368,0.463,0.9452]],
    "normals": [0.905728,-0.063631,-0.418958,0.333048,-0.919187,-0.210059,0.60979,-0.418012,-0.67333,-0.135441,-0.858333,-0.494858,0.556413,-0.830012,-0.037843,-0.292886,-0.858211,-0.421491,-0.206427,-0.971252,-0.11829,0.737388,0.41612,-0.532029,0.570299,-0.792108,0.217414,0.325053,-0.833796,0.446211,0.521531,0.808527,0.2725,0.544725,0.202521,0.813776,0.875576,0.026795,0.482284,0.290841,-0.387646,0.874691,0.003143,-0.39494,0.918699,-0.251595,-0.772759,0.582659,-0.944151,0.327708,0.033601,-0.898831,-0.430555,0.08182,-0.859004,-0.117527,0.498245,-0.764367,-0.065706,-0.641377,-0.380383,0.719504,-0.581011,-0.455092,0.149419,-0.877773,-0.64565,0.249123,0.721824,-0.512314,-0.701315,0.495621,-0.651631,-0.718131,-0.244209,-0.954192,-0.138005,-0.265389,0.179144,-0.4026,-0.897641,-0.067965,0.084719,-0.994079,-0.594653,0.685202,-0.420515,-0.074007,0.995758,-0.054445,-0.829585,0.470077,-0.301309,-0.571154,0.816584,-0.083071,-0.589068,0.754204,0.289987,-0.570238,-0.669118,-0.476485,-0.069674,-0.9653,0.251564,-0.418958,-0.897092,0.140263,0.483535,0.718955,-0.499222,0.613208,0.788751,0.042421,0.979614,0.193732,0.053011,-0.081759,0.976653,0.198523,-0.363414,0.276376,0.889645,-0.361858,-0.928953,-0.077944,0.038911,0.910306,-0.41203,0.181219,0.837581,0.515366],
    "faces": [42,0,1,2,0,0,1,2,0,1,2,42,3,1,4,0,3,1,4,3,1,4,42,5,4,6,0,5,4,6,5,4,6,42,0,4,1,0,0,4,1,0,4,1,42,0,2,7,0,7,8,9,0,2,7,42,4,8,9,0,4,10,11,4,8,9,42,10,11,12,0,12,13,14,10,11,12,42,11,9,12,0,15,16,17,11,9,12,42,13,14,15,0,18,19,20,13,14,15,42,16,17,18,0,21,22,23,16,17,18,42,19,20,21,0,24,25,26,19,20,21,42,22,18,23,0,27,28,29,22,18,23,42,24,25,19,0,30,31,24,24,25,19,42,26,3,27,0,32,3,33,26,3,27,42,20,28,29,0,34,35,36,20,28,29,42,30,25,16,0,37,31,21,30,25,16,42,28,30,31,0,38,37,39,28,30,31,42,18,32,16,0,23,40,21,18,32,16,42,33,5,6,0,41,5,6,33,5,6,42,32,29,31,0,42,36,43,32,29,31,42,17,23,18,0,44,29,28,17,23,18,42,5,3,4,0,5,3,4,5,3,4,42,34,23,35,0,45,29,46,34,23,35,42,21,33,19,0,47,41,48,21,33,19,42,36,37,7,0,49,50,51,36,37,7,42,26,36,7,0,52,53,9,26,36,7,42,13,11,14,0,54,15,55,13,11,14,42,2,3,26,0,2,3,32,2,3,26,42,4,0,38,0,56,57,58,4,0,38,42,31,16,32,0,39,21,40,31,16,32,42,33,24,19,0,59,30,24,33,24,19,42,39,32,22,0,60,42,61,39,32,22,42,6,24,33,0,6,62,41,6,24,33,42,8,12,9,0,63,17,16,8,12,9,42,11,13,9,0,15,54,16,11,13,9,42,15,34,13,0,20,45,18,15,34,13,42,9,13,34,0,11,18,45,9,13,34,42,22,15,40,0,27,20,64,22,15,40,42,41,25,24,0,65,66,62,41,25,24,42,16,25,17,0,21,31,22,16,25,17,42,4,34,6,0,4,45,6,4,34,6,42,15,14,40,0,20,19,64,15,14,40,42,42,21,20,0,67,68,69,42,21,20,42,29,37,42,0,36,50,70,29,37,42,42,34,35,41,0,45,46,65,34,35,41,42,41,6,34,0,65,6,45,41,6,34,42,28,25,30,0,38,31,37,28,25,30,42,41,17,25,0,65,44,66,41,17,25,42,43,10,39,0,71,12,60,43,10,39,42,37,36,42,0,50,49,70,37,36,42,42,29,39,10,0,36,60,12,29,39,10,42,38,10,12,0,72,12,14,38,10,12,42,21,3,5,0,47,3,5,21,3,5,42,2,26,7,0,8,52,9,2,26,7,42,42,36,27,0,67,53,73,42,36,27,42,8,38,12,0,63,58,17,8,38,12,42,11,40,14,0,15,74,55,11,40,14,42,43,22,40,0,71,61,75,43,22,40,42,31,29,28,0,43,36,35,31,29,28,42,42,20,29,0,70,34,36,42,20,29,42,37,0,7,0,50,76,51,37,0,7,42,10,43,11,0,12,71,13,10,43,11,42,19,28,20,0,24,38,25,19,28,20,42,18,22,32,0,23,77,40,18,22,32,42,32,39,29,0,42,60,36,32,39,29,42,17,35,23,0,44,46,29,17,35,23,42,34,15,23,0,45,20,29,34,15,23,42,21,5,33,0,47,5,41,21,5,33,42,26,27,36,0,52,73,53,26,27,36,42,2,1,3,0,2,1,3,2,1,3,42,31,30,16,0,39,37,21,31,30,16,42,6,41,24,0,6,65,62,6,41,24,42,22,23,15,0,27,29,20,22,23,15,42,4,9,34,0,4,11,45,4,9,34,42,42,27,21,0,67,73,68,42,27,21,42,29,10,37,0,36,12,50,29,10,37,42,28,19,25,0,38,24,31,28,19,25,42,41,35,17,0,65,46,44,41,35,17,42,38,37,10,0,72,50,12,38,37,10,42,21,27,3,0,47,33,3,21,27,3,42,8,4,38,0,63,56,58,8,4,38,42,11,43,40,0,15,78,74,11,43,40,42,43,39,22,0,71,60,61,43,39,22,42,37,38,0,0,50,72,76,37,38,0],
    "metadata": {
        "materials": 1,
        "uvs": 1,
        "vertices": 44,
        "version": 3,
        "colors": 0,
        "type": "Geometry",
        "generator": "io_three",
        "normals": 44,
        "faces": 84
    },
    "colors": [],
    "vertices": [0.406866,0.141061,-0.367548,0.248405,-0.002208,-0.381622,0.289221,0.061126,-0.465795,0.019692,-0.001854,-0.518863,0.356499,-0.002375,-0.046833,-0.140574,-0.001606,-0.421452,-0.237347,-0.001457,-0.253804,0.341297,0.228463,-0.390967,0.365857,-0.00239,0.329012,0.2578,-0.002223,0.426141,0.279508,0.363068,0.262456,0.106381,0.183211,0.635079,0.420822,0.131035,0.375798,0.003263,0.09255,0.692053,-0.056805,0.093273,0.705186,-0.145584,0.045004,0.611473,-0.550537,0.314883,0.121677,-0.532683,0.109152,0.264377,-0.504298,0.15565,0.434253,-0.425625,0.168862,-0.355078,-0.195407,0.358389,-0.444011,-0.178052,0.239176,-0.549997,-0.355586,0.257505,0.607256,-0.407701,0.04026,0.426497,-0.42744,0.078338,-0.231357,-0.53408,0.18095,-0.133077,0.081954,0.067337,-0.600262,-0.00103,0.187756,-0.625441,-0.387926,0.364801,-0.247006,-0.220431,0.507934,0.033126,-0.501603,0.321792,-0.002941,-0.452799,0.444186,0.053853,-0.458843,0.406628,0.203146,-0.38902,0.085242,-0.324797,-0.14717,-0.001596,0.504935,-0.410503,-0.001189,0.33081,0.208493,0.406453,-0.434839,0.350401,0.349155,0.101757,0.450242,0.214657,0.132214,-0.182526,0.489164,0.277451,-0.251592,0.264939,0.68434,-0.35891,-0.001268,-0.043207,0.060348,0.446298,-0.412948,-0.022232,0.436572,0.530064]
}