	{

		"metadata": {
			"formatVersion" : 3.1,
			"generatedBy"   : "Blender 2.7 Exporter",
			"vertices"      : 150,
			"faces"         : 112,
			"normals"       : 91,
			"colors"        : 0,
			"uvs"           : [175],
			"materials"     : 1,
			"morphTargets"  : 0,
			"bones"         : 0
		},

			"scale" : 1.000000,
			
			"vertices" : [-0.699193,0.144208,-1.18987,-0.934009,0.144208,-1.18987,-0.93401,0.188955,1.32008,-0.699193,0.188955,1.32008,-0.699193,0.522865,-1.18987,-0.934009,0.522865,-1.18987,-0.93401,0.488625,1.32008,-0.699193,0.488625,1.32008,-0.934009,0.57874,-0.952979,-0.934009,0.0450016,-0.842392,-0.699193,0.57874,-0.952979,-0.699193,0.0450016,-0.842392,-0.934009,0.57874,-0.700073,-0.699193,0.0450016,-0.700073,-0.934009,0.0450016,-0.700073,-0.699193,0.57874,-0.700073,-0.93401,0.522865,1.17233,-0.699193,0.0450017,1.06174,-0.93401,0.0450017,1.06174,-0.699193,0.522865,1.17233,-0.93401,0.0450017,0.974391,-0.699193,0.578741,0.974391,-0.93401,0.578741,0.974391,-0.699193,0.0450017,0.974391,-0.699193,0.410521,-1.34363,-0.934009,0.410521,-1.34363,-0.93401,0.410521,1.43397,-0.699193,0.410521,1.43397,-0.934009,0.449743,-0.952979,-0.934009,0.449743,-0.700073,-0.93401,0.410521,1.17233,-0.93401,0.449743,0.974391,-0.934009,0.278217,-1.31708,-0.93401,0.278218,1.43397,-0.699193,0.278218,1.43397,-0.934009,0.297829,-0.952979,-0.934009,0.297829,-0.700073,-0.93401,0.278218,1.17233,-0.93401,0.297829,0.974391,-0.699193,0.278217,-1.31708,-0.950248,0.375943,-1.25229,-0.950248,0.375943,1.38892,-0.657653,0.511273,-1.25229,-0.950248,0.511273,-1.25229,-0.950248,0.506679,1.38892,-0.657653,0.506679,1.38892,-0.950248,0.629547,-0.812087,-0.950248,0.668538,-0.371886,-0.950248,0.668538,0.0683155,-0.950248,0.668538,0.508517,-0.950248,0.639001,0.948718,-0.950248,0.375943,0.948718,-0.950248,0.375943,0.508517,-0.950248,0.375943,0.0683154,-0.950248,0.375943,-0.371886,-0.950248,0.375943,-0.812087,-0.657653,0.639001,0.948718,-0.657653,0.668538,0.508517,-0.657653,0.668538,0.0683154,-0.657653,0.668538,-0.371886,-0.657653,0.629547,-0.812087,0.558366,0.144208,-1.14526,0.793182,0.144208,-1.14526,0.793182,0.188955,1.36469,0.558365,0.188955,1.36469,0.558366,0.522865,-1.14526,0.793182,0.522865,-1.14526,0.793182,0.488625,1.36469,0.558365,0.488625,1.36469,0.793182,0.57874,-0.908366,0.793182,0.0450016,-0.797778,0.558366,0.57874,-0.908366,0.558366,0.0450016,-0.797778,0.793182,0.57874,-0.65546,0.558366,0.0450016,-0.65546,0.793182,0.0450016,-0.65546,0.558366,0.57874,-0.65546,0.793182,0.522865,1.21694,0.558365,0.0450017,1.10636,0.793182,0.0450017,1.10636,0.558365,0.522865,1.21694,0.793182,0.0450017,1.019,0.558365,0.578741,1.019,0.793182,0.578741,1.019,0.558365,0.0450017,1.019,0.558366,0.410521,-1.29902,0.793182,0.410521,-1.29902,0.793182,0.410521,1.47858,0.558365,0.410521,1.47858,0.793182,0.449743,-0.908366,0.793182,0.449743,-0.65546,0.793182,0.410521,1.21694,0.793182,0.449743,1.019,0.793182,0.278217,-1.27247,0.793182,0.278218,1.47858,0.558365,0.278218,1.47858,0.793182,0.297829,-0.908366,0.793182,0.297829,-0.65546,0.793182,0.278218,1.21694,0.793182,0.297829,1.019,0.558366,0.278217,-1.27247,0.80942,0.375943,-1.20767,0.80942,0.375943,1.43353,0.516825,0.511273,-1.20767,0.80942,0.511273,-1.20767,0.80942,0.506679,1.43353,0.516825,0.506679,1.43353,0.80942,0.629547,-0.767473,0.80942,0.668538,-0.327272,0.80942,0.668538,0.112929,0.80942,0.668538,0.55313,0.80942,0.639001,0.993332,0.80942,0.375943,0.993331,0.80942,0.375943,0.55313,0.80942,0.375943,0.112929,0.80942,0.375943,-0.327272,0.80942,0.375943,-0.767473,0.516825,0.639001,0.993331,0.516825,0.668538,0.55313,0.516825,0.668538,0.112929,0.516825,0.668538,-0.327272,0.516825,0.629547,-0.767473,-0.664568,0.37139,-1.26046,0.507474,0.37139,-1.26046,0.507474,0.292211,1.38684,-0.664568,0.292211,1.38684,-0.664568,0.973674,-1.2201,0.507474,0.973674,-1.2201,0.507474,0.754187,1.4272,-0.664568,0.754187,1.4272,0.507474,0.818572,1.23022,0.507474,0.299734,1.1353,-0.664568,0.818572,1.23022,-0.664568,0.299734,1.1353,0.507474,0.308053,0.857159,-0.664568,0.910337,0.897521,0.507474,0.910337,0.897521,-0.664568,0.308053,0.857159,-0.50801,0.957453,-1.00479,0.350917,0.957453,-1.00479,-0.508011,0.911036,0.547102,0.350917,0.911036,0.547102,-0.50801,0.957453,-1.00479,0.350917,0.957453,-1.00479,-0.508011,0.911036,0.547102,0.350917,0.911036,0.547102,-0.50801,1.03861,-0.998879,0.350917,1.03861,-0.998879,-0.508011,1.06868,0.553722,0.350917,1.06868,0.553722],