{
    "metadata":{
        "version":3,
        "materials":1,
        "generator":"io_three",
        "colors":0,
        "faces":28,
        "vertices":108,
        "normals":28,
        "type":"Geometry",
        "uvs":1
    },
    "colors":[],
    "faces":[43,47,44,45,46,0,0,1,2,3,0,0,0,0,43,51,48,49,50,0,4,5,6,7,1,1,1,1,43,3,52,53,8,0,1,8,9,2,2,2,2,2,43,4,0,5,9,0,8,4,7,9,3,3,3,3,43,1,2,7,6,0,5,0,3,6,4,4,4,4,43,57,54,55,56,0,10,11,12,13,5,5,5,5,43,61,58,59,60,0,14,15,16,17,6,6,6,6,43,13,62,63,18,0,11,18,19,12,7,7,7,7,43,11,12,17,16,0,15,10,13,16,8,8,8,8,43,14,10,15,19,0,18,14,17,19,9,9,9,9,43,71,64,65,68,0,20,21,22,23,10,10,10,10,43,75,23,69,72,0,24,20,23,25,11,11,11,11,43,83,76,77,80,0,26,27,28,29,12,12,12,12,42,66,81,84,0,22,29,30,13,13,13,42,78,73,85,0,28,25,30,14,14,14,43,21,22,29,79,0,27,24,25,28,15,15,15,15,42,70,86,74,0,23,30,25,16,16,16,42,27,87,28,0,22,30,23,17,17,17,42,30,25,26,0,28,30,29,18,18,18,43,24,20,82,67,0,21,26,29,22,19,19,19,19,43,88,91,92,93,0,31,32,33,34,20,20,20,20,43,96,99,36,89,0,35,36,37,38,21,21,21,21,43,100,94,101,104,0,39,34,40,41,22,22,22,22,43,105,97,90,106,0,42,35,38,43,23,23,23,23,43,102,107,37,98,0,40,44,36,35,24,24,24,24,43,32,42,95,35,0,45,31,34,39,25,25,25,25,43,41,39,38,103,0,34,33,44,40,26,26,26,26,43,43,40,33,34,0,40,35,42,41,27,27,27,27],
    "vertices":[0.0610375,0.228539,-0.627156,-0.499912,0.231537,-0.182054,-0.420853,0.199496,0.451587,0.285424,0.171412,0.429045,0.45856,0.202856,-0.362961,0.0202594,1.29661,-0.0335891,-0.0645597,1.30244,0.0537031,-0.039357,1.29762,0.114626,0.0811225,1.28489,0.113473,0.0806041,1.28934,-0.00883572,-0.00998399,0.834864,-0.395702,-0.386449,0.795482,-0.0216226,-0.235279,0.732501,0.436501,0.323854,0.73801,0.30033,0.331207,0.808446,-0.255144,0.138149,1.70187,-0.023457,0.0506033,1.71059,0.0670713,0.123821,1.69773,0.129836,0.20179,1.68657,0.129152,0.200787,1.69195,0.00225632,0.032435,1.28368,-0.276977,-0.224675,1.30165,-0.0101979,-0.0853652,1.28232,0.279764,0.310058,1.24967,0.277279,0.352446,1.26145,-0.183445,0.335141,2.29726,0.118445,0.196571,1.92315,-0.0200556,0.277166,1.90824,0.010359,0.277978,1.9003,0.161118,0.172216,1.91764,0.162145,0.121988,1.9312,0.0573525,-0.02816,0.550375,-0.0379165,0.00269639,-0.199505,-0.134189,-0.111695,-0.19998,-0.0211345,0.0192543,-0.200495,0.0848173,0.109385,-0.199963,-0.0375468,-0.0078722,0.541171,-0.106548,-0.0554847,0.539679,-0.022565,-0.00470753,0.538558,0.00398481,0.0514405,0.539536,-0.0593615,-0.0941973,0.203632,-0.0188997,0.0841463,0.203646,-0.0330636,-0.00029099,0.204367,-0.114055,0.00486876,0.202889,0.0628406,0.285424,0.171412,0.429045,0.0811225,1.28489,0.113473,-0.039357,1.29762,0.114626,-0.420853,0.199496,0.451587,-0.499912,0.231537,-0.182054,-0.0645597,1.30244,0.0537031,0.0202594,1.29661,-0.0335891,0.0610375,0.228539,-0.627156,0.45856,0.202856,-0.362961,0.0806041,1.28934,-0.00883572,0.323854,0.73801,0.30033,0.20179,1.68657,0.129152,0.123821,1.69773,0.129836,-0.235279,0.732501,0.436501,-0.386449,0.795482,-0.0216226,0.0506033,1.71059,0.0670713,0.138149,1.70187,-0.023457,-0.00998399,0.834864,-0.395702,0.331207,0.808446,-0.255144,0.200787,1.69195,0.00225632,0.352446,1.26145,-0.183445,0.277166,1.90824,0.010359,0.277166,1.90824,0.010359,0.277166,1.90824,0.010359,0.277978,1.9003,0.161118,0.277978,1.9003,0.161118,0.277978,1.9003,0.161118,0.310058,1.24967,0.277279,0.172216,1.91764,0.162145,0.172216,1.91764,0.162145,0.172216,1.91764,0.162145,-0.0853652,1.28232,0.279764,-0.224675,1.30165,-0.0101979,0.121988,1.9312,0.0573525,0.121988,1.9312,0.0573525,0.121988,1.9312,0.0573525,0.196571,1.92315,-0.0200556,0.196571,1.92315,-0.0200556,0.196571,1.92315,-0.0200556,0.032435,1.28368,-0.276977,0.335141,2.29726,0.118445,0.335141,2.29726,0.118445,0.335141,2.29726,0.118445,0.335141,2.29726,0.118445,-0.00029099,0.204367,-0.114055,-0.00029099,0.204367,-0.114055,-0.00029099,0.204367,-0.114055,-0.0078722,0.541171,-0.106548,0.0514405,0.539536,-0.0593615,0.0841463,0.203646,-0.0330636,0.0841463,0.203646,-0.0330636,0.0841463,0.203646,-0.0330636,-0.0941973,0.203632,-0.0188997,-0.0941973,0.203632,-0.0188997,-0.0941973,0.203632,-0.0188997,-0.0554847,0.539679,-0.022565,0.109385,-0.199963,-0.0375468,0.00486876,0.202889,0.0628406,0.00486876,0.202889,0.0628406,0.00486876,0.202889,0.0628406,0.0192543,-0.200495,0.0848173,-0.111695,-0.19998,-0.0211345,0.00269639,-0.199505,-0.134189,-0.00470753,0.538558,0.00398481],
    "normals":[0.0412915,0.279672,0.959197,-0.583972,0.384838,-0.714713,0.950072,0.248115,0.189093,0.504166,0.4279,-0.750114,-0.921751,0.354442,0.15717,0.207007,0.212775,0.954894,-0.665822,0.384075,-0.639607,0.990478,0.13535,0.0242317,-0.821223,0.395398,0.411328,0.385723,0.308786,-0.869381,0.994446,0.0780663,0.0701315,0.0242927,0.174657,0.984313,-0.63686,0.4214,-0.645589,0.377697,0.195166,-0.905118,-0.806726,0.396649,0.437971,-0.810968,0.404157,0.423048,0.0265511,0.103061,0.994293,0.989502,-0.143864,-0.0128788,-0.613361,0.46382,-0.63921,0.30726,0.295724,-0.904477,0.665548,0.019013,-0.746086,-0.784295,0.0397961,-0.619098,0.788751,0.0520035,0.612476,-0.706656,0.0322581,-0.706778,-0.581957,0.100345,0.80697,0.680197,0.0460524,-0.731559,0.754723,0.129063,0.643208,-0.632008,0.021363,0.774651],
    "materials":[{
        "wireframe":false,
        "mapDiffuseRepeat":[1,1],
        "mapDiffuseWrap":["repeat","repeat"],
        "depthWrite":true,
        "colorEmissive":[0,0,0],
        "DbgColor":15658734,
        "DbgIndex":0,
        "depthTest":true,
        "blending":1,
        "mapDiffuseAnisotropy":1,
        "DbgName":"Trees 01",
        "colorDiffuse":[0.64,0.64,0.64],
        "doubleSided":false,
        "opacity":1,
        "shading":"lambert",
        "visible":true,
        "transparent":false,
        "mapDiffuse":"Trees_Texture_Atlas.png",
        "vertexColors":false
    }],
    "uvs":[[0.644721,0.442683,0.678296,0.395719,0.680209,0.425415,0.67375,0.443223,0.737602,0.457711,0.684507,0.476996,0.681316,0.449917,0.698494,0.442851,0.737648,0.420891,0.697908,0.432516,0.642823,0.443748,0.679297,0.394585,0.687145,0.433571,0.684431,0.438668,0.734458,0.457325,0.681542,0.479039,0.687115,0.443251,0.693582,0.440309,0.734458,0.417021,0.693822,0.436491,0.834284,0.389024,0.860757,0.456044,0.824538,0.445782,0.817168,0.423674,0.780375,0.40872,0.801969,0.430191,0.833494,0.484559,0.777077,0.461824,0.801364,0.447377,0.814941,0.454015,0.810954,0.439956,0.850669,0.916941,0.850102,0.988306,0.836428,0.988359,0.836694,0.916679,0.79538,0.917151,0.794922,0.987708,0.78107,0.987984,0.781561,0.916752,0.836972,0.896072,0.822743,0.916943,0.823156,0.896611,0.795034,0.897031,0.78107,0.896281,0.822764,0.988023,0.850751,0.896569]]
}