{
    "materials":[{
        "mapDiffuseRepeat":[1,1],
        "shading":"lambert",
        "DbgColor":15658734,
        "opacity":1,
        "depthTest":true,
        "vertexColors":false,
        "wireframe":false,
        "depthWrite":true,
        "mapDiffuse":"Trees_Texture_Atlas.png",
        "DbgName":"Trees 01",
        "transparent":true,
        "visible":true,
        "colorEmissive":[0,0,0],
        "DbgIndex":0,
        "mapDiffuseAnisotropy":1,
        "mapDiffuseWrap":["repeat","repeat"],
        "colorDiffuse":[0.64,0.64,0.64],
        "doubleSided":false,
        "blending":1
    }],
    "uvs":[[0.700973,0.637768,0.698373,0.654472,0.688,0.652638,0.686461,0.634048,0.671453,0.635226,0.676996,0.653764,0.666892,0.65827,0.658474,0.643066,0.715734,0.641629,0.708215,0.656961,0.689041,0.671465,0.681403,0.672148,0.703718,0.673208,0.696667,0.671895,0.674377,0.673697,0.63981,0.697062,0.643515,0.690705,0.667082,0.691118,0.668459,0.695732,0.643768,0.702011,0.669098,0.701392,0.682936,0.686058,0.676884,0.686643,0.695393,0.685694,0.689156,0.68584,0.701628,0.686465,0.700895,0.691434,0.689176,0.690807,0.677705,0.691434,0.642235,0.729049,0.636586,0.724898,0.66169,0.725876,0.661829,0.729986,0.640292,0.718602,0.662633,0.722121,0.637848,0.734396,0.662926,0.733969,0.640504,0.74163,0.662957,0.737819,0.689915,0.724121,0.688739,0.726934,0.688373,0.729444,0.689291,0.731816,0.690048,0.734738,0.715271,0.726493,0.715795,0.728746,0.715906,0.731074,0.715672,0.733347,0.715423,0.724223,0.739813,0.728171,0.645264,0.713766,0.639335,0.707985,0.668367,0.706111,0.669139,0.710687,0.685185,0.698977,0.684506,0.701684,0.684238,0.696594,0.683336,0.693898,0.684301,0.704932,0.697256,0.697676,0.697057,0.695434,0.699195,0.6957,0.699119,0.697956,0.697303,0.693223,0.699199,0.693549,0.697186,0.700372,0.698254,0.702278,0.699117,0.702772,0.696786,0.703806,0.698605,0.700255,0.734863,0.689232,0.737566,0.691128,0.720448,0.69185,0.720418,0.689893,0.736774,0.693404,0.720361,0.693224,0.737566,0.687324,0.720704,0.688264,0.736486,0.68421,0.720085,0.686677,0.706164,0.690141,0.715674,0.697329,0.715577,0.698442,0.714908,0.696459,0.714815,0.699252,0.714927,0.700329,0.641902,0.653739,0.645455,0.648,0.654182,0.659627,0.652048,0.662277,0.737505,0.69901,0.650724,0.643123,0.656735,0.643433,0.66187,0.656557,0.658064,0.657454,0.667654,0.672145,0.665854,0.672609,0.664377,0.674298,0.662563,0.67531,0.673502,0.687778,0.732636,0.71022,0.733017,0.717568,0.70585,0.71613,0.706176,0.712277,0.687438,0.714883,0.686702,0.712747,0.728577,0.704857,0.704991,0.709539,0.729271,0.722572,0.704715,0.719156,0.666778,0.713161,0.687094,0.710708,0.68697,0.716705]],
    "normals":[0.109622,0.027131,-0.993591,-0.107517,0.196814,0.974517,0.979553,0.1695,0.108066,-0.992401,0.0558184,-0.1095,0.974395,0.164678,0.152928,-0.987274,0.0348216,-0.154973,0.15479,-0.059328,-0.986145,-0.150029,0.252754,0.955809,0.609973,-0.591784,-0.526933,0.396435,0.84341,-0.36259,-0.0310068,-0.182745,0.982665,0.0307321,0.223823,-0.97412,-0.996307,0.0798669,-0.0314341,-0.996551,0.0764183,-0.0314341,-0.996429,0.0780663,-0.0314341,0.99884,-0.036317,0.0315256,0.998932,-0.0332652,0.0315256,0.998901,-0.0341502,0.0315256,-0.996796,0.073336,-0.0314646,0.0315256,0.0202643,-0.999268,-0.0315256,0.0234993,0.999207,0.999054,-0.0296945,0.0315256,-0.480667,0.789605,0.381329,-0.363353,-0.48851,0.793268,0.219886,0.792322,-0.569079,0.622211,-0.660939,-0.419477,-0.0101016,-0.23777,0.971252,-0.89877,0.431288,0.0785241,0.908963,-0.411359,-0.0672628,0.0177313,0.252541,-0.967406,-0.583728,0.761132,0.282632,0.597247,-0.753166,-0.275643,0.263009,0.671163,-0.693045,-0.251381,-0.655141,0.712424,0.822016,-0.564989,-0.0708945,0.146001,0.43852,-0.886746,-0.0835902,-0.382488,0.920133,-0.772881,0.61861,0.141148,-0.547044,-0.74044,0.390454,-0.645527,0.601703,0.470351,-0.242073,0.21952,0.945067,0.829249,0.434675,0.351207,0.178137,-0.180792,-0.967223,-0.837153,-0.398724,-0.374371,0.867946,0.472518,0.152745,0.206732,-0.0828883,-0.974853,0.241279,-0.193243,-0.950987,0.667501,0.744224,0.0228584,-0.286111,0.218635,0.93289,-0.670553,-0.729972,-0.132115,-0.897183,-0.40556,-0.17478,-0.186743,0.301706,-0.934904,-0.398755,-0.908322,-0.126072,0.324381,0.945067,-0.0401013,0.324381,0.945036,-0.0401013,0.204657,-0.187262,0.960723,-0.168859,0.0520951,-0.984252,0.0583819,-0.996582,-0.0578936,-0.148259,0.936094,0.318857,0.0809046,-0.203742,0.975646,0.949675,0.174749,0.259865,0.316324,-0.344127,-0.883999,-0.952178,-0.11127,-0.284524,-0.248817,0.160314,0.955168,0.349345,-0.617145,0.705008,0.669118,-0.513779,0.536882,0.343669,-0.651662,-0.676138,-0.647511,0.536271,-0.541368,-0.339915,0.408856,0.846889,-0.861324,-0.422742,-0.281747,-0.815943,-0.483474,-0.316874,0.13184,-0.26896,0.95407,0.418012,-0.723045,0.549913,-0.996765,0.0784631,0.0157781,0.514054,0.709098,-0.482589,0.524583,0.694418,-0.492477,0.266823,0.930601,-0.250496,-0.13245,0.983184,0.125614,-0.351421,0.715537,0.603717,-0.572527,0.603992,0.554399,-0.371746,-0.656728,-0.656087,0.666982,-0.631214,0.395795,-0.54326,0.634846,0.549394,-0.135655,-0.247169,-0.95941,0.857997,-0.436171,0.271187,-0.418012,-0.62859,-0.655812,0.999176,0.030488,0.0258797],