{
    "uvs":[[0.332049,0.362253,0.325567,0.331291,0.338857,0.318603,0.36377,0.334239,0.338965,0.300679,0.364719,0.290951,0.333482,0.260446,0.326272,0.287686,0.307665,0.286862,0.290524,0.260446,0.261218,0.289823,0.294032,0.299285,0.293544,0.317956,0.261396,0.329935,0.289744,0.359641,0.306926,0.330929,0.365299,0.293636,0.365251,0.331395,0.325146,0.316156,0.324546,0.305557,0.291793,0.262462,0.330685,0.262088,0.316923,0.298242,0.306396,0.298276,0.264436,0.329654,0.264436,0.290098,0.299298,0.306048,0.299772,0.316538,0.335101,0.357941,0.293053,0.357619,0.30753,0.323403,0.317762,0.323731,0.332725,0.260857,0.362027,0.289667,0.320356,0.309634,0.317604,0.306697,0.263013,0.289807,0.291769,0.261091,0.313508,0.30664,0.310485,0.309555,0.291077,0.360113,0.26243,0.330357,0.310572,0.313754,0.313477,0.316567,0.362027,0.331,0.33273,0.360667,0.317441,0.316432,0.320109,0.313549,0.316126,0.453383,0.304338,0.452628,0.312038,0.438965,0.325968,0.444941,0.31841,0.422269,0.326886,0.432338,0.29577,0.431976,0.304347,0.42259,0.296775,0.443922,0.264045,0.456051,0.264471,0.412855,0.295678,0.384556,0.335962,0.386735,0.36311,0.415464,0.36311,0.455464,0.294057,0.485629,0.335153,0.484706,0.80612,0.916465,0.806053,0.984837,0.791525,0.984864,0.792082,0.916334,0.849388,0.916174,0.848819,0.985485,0.834621,0.98554,0.834832,0.915958,0.820315,0.916168,0.820434,0.985191,0.777143,0.985151,0.777768,0.916002,0.835186,0.889719,0.82084,0.890278,0.791642,0.890715,0.777143,0.889936,0.806298,0.890905,0.849493,0.890235]],
    "metadata":{
        "version":3,
        "uvs":1,
        "normals":50,
        "colors":0,
        "type":"Geometry",
        "vertices":192,
        "materials":1,
        "faces":50,
        "generator":"io_three"
    },
    "normals":[-0.363933,0.435713,-0.823176,0.410413,0.417127,-0.810877,0.832636,0.40968,0.372631,-0.348949,0.45088,0.821528,-0.829279,0.435041,-0.350719,0.852657,0.398114,-0.338267,0.381726,0.435926,0.814997,-0.814783,0.442488,0.374554,0.351573,0.404736,-0.844111,0.904813,0.308908,0.293008,-0.259316,0.431379,0.864071,-0.863704,0.421949,-0.275521,0.922269,0.298837,-0.245125,0.370312,0.385083,0.845302,-0.839351,0.437635,0.322306,-0.372784,0.43025,-0.822108,0.827357,0.414686,-0.378735,0.423078,0.442091,0.790918,-0.686514,0.558458,0.46559,-0.362072,0.508286,-0.781335,0.458632,0.430464,-0.777367,0.783258,0.422864,0.455672,-0.316752,0.51146,0.798761,-0.737327,0.561449,-0.375591,-0.309641,0.433821,-0.846095,0.389904,0.278848,-0.87759,0.929075,0.0124821,0.36961,-0.304483,0.215644,0.927763,-0.817225,0.485183,-0.310984,0.926298,0.102908,-0.362377,0.39668,0.0574969,0.916135,-0.815851,0.395306,0.421949,-0.833674,0.468093,0.292917,0.341166,0.360271,0.868191,0.911985,0.347636,-0.21778,-0.835932,0.503494,-0.218299,-0.209082,0.403058,0.890927,0.916807,0.316355,0.243568,0.300912,0.483077,-0.82223,-0.199927,0.524522,-0.82757,-0.941893,0.138585,0.305887,0.58977,-0.00854518,-0.80752,0.00143437,0.0491958,0.998779,-0.584399,0.103305,-0.804834,0.950102,0.045381,0.308603,-0.587573,0.0303049,-0.808557,0,0.0149541,0.999878,0.587054,0.0547197,-0.807672,-0.951048,0.00582904,0.308908,0.950652,-0.0418409,0.307321],
    "materials":[{
        "colorEmissive":[0,0,0],
        "shading":"lambert",
        "DbgColor":15658734,
        "colorDiffuse":[0.64,0.64,0.64],
        "visible":true,
        "mapDiffuse":"Trees_Texture_Atlas.png",
        "DbgIndex":0,
        "wireframe":false,
        "vertexColors":false,
        "depthWrite":true,
        "doubleSided":false,
        "mapDiffuseAnisotropy":1,
        "depthTest":true,
        "opacity":1,
        "transparent":false,
        "mapDiffuseRepeat":[1,1],
        "blending":1,
        "DbgName":"Trees 01",
        "mapDiffuseWrap":["repeat","repeat"]
    }],
    "faces":[43,80,81,82,83,0,0,1,2,3,0,0,0,0,43,0,8,84,85,0,3,2,4,5,1,1,1,1,43,86,87,88,89,0,6,7,8,9,2,2,2,2,43,90,91,92,93,0,10,11,12,13,3,3,3,3,43,94,95,9,1,0,14,15,1,0,4,4,4,4,43,7,15,14,6,0,5,4,7,6,5,5,5,5,43,5,13,12,4,0,9,8,11,10,6,6,6,6,43,3,11,10,2,0,13,12,15,14,7,7,7,7,43,99,96,97,98,0,16,17,18,19,8,8,8,8,43,103,100,101,102,0,20,21,22,23,9,9,9,9,43,107,104,105,106,0,24,25,26,27,10,10,10,10,43,111,108,109,110,0,28,29,30,31,11,11,11,11,43,22,23,31,30,0,21,16,19,22,12,12,12,12,43,20,21,29,28,0,25,20,23,26,13,13,13,13,43,18,19,27,26,0,29,24,27,30,14,14,14,14,43,16,17,25,24,0,17,28,31,18,15,15,15,15,43,115,112,113,114,0,32,33,34,35,16,16,16,16,43,119,116,117,118,0,36,37,38,39,17,17,17,17,43,123,120,121,122,0,40,41,42,43,18,18,18,18,43,127,124,125,126,0,44,45,46,47,19,19,19,19,43,39,32,40,47,0,33,44,47,34,20,20,20,20,43,37,38,46,45,0,37,32,35,38,21,21,21,21,43,35,36,44,43,0,41,36,39,42,22,22,22,22,43,33,34,42,41,0,45,40,43,46,23,23,23,23,42,128,131,134,0,48,49,50,24,24,24,42,141,129,135,0,51,48,50,25,25,25,42,144,147,136,0,52,53,50,26,26,26,42,150,153,137,0,54,55,50,27,27,27,42,132,156,138,0,49,56,50,28,28,28,42,148,142,139,0,53,51,50,29,29,29,42,154,145,140,0,55,52,50,30,30,30,42,157,151,56,0,56,54,50,31,31,31,43,160,159,152,158,0,57,58,54,56,32,32,32,32,43,162,161,146,155,0,59,60,52,55,33,33,33,33,43,164,163,143,149,0,61,62,51,53,34,34,34,34,43,165,50,64,133,0,63,57,56,49,35,35,35,35,43,51,52,62,63,0,58,59,55,54,36,36,36,36,43,53,54,60,61,0,60,61,53,52,37,37,37,37,43,55,166,130,59,0,62,64,48,51,38,38,38,38,43,48,49,57,58,0,64,63,49,48,39,39,39,39,43,167,170,171,172,0,65,66,67,68,40,40,40,40,43,175,178,179,180,0,69,70,71,72,41,41,41,41,43,183,186,72,168,0,73,74,66,65,42,42,42,42,43,173,71,70,176,0,68,67,75,76,43,43,43,43,43,187,181,184,188,0,77,72,73,78,44,44,44,44,43,189,174,177,190,0,79,68,76,80,45,45,45,45,43,68,185,169,191,0,78,73,65,81,46,46,46,46,43,65,78,182,69,0,82,69,72,77,47,47,47,47,43,67,76,75,66,0,81,65,68,79,48,48,48,48,43,77,74,73,79,0,72,71,74,73,49,49,49,49],