{
    "metadata":{
        "version":3,
        "materials":0,
        "type":"Geometry",
        "normals":6,
        "vertices":8,
        "uvs":0,
        "generator":"io_three",
        "faces":6
    },
    "normals":[1,0,0,0,6.67437e-08,1,-1,-0,0,0,-6.67437e-08,-1,0,1,-4.36182e-08,0,-1,6.06862e-08],
    "vertices":[-4.68996,0.00852745,3.92871,-4.68996,3.58068,3.92871,-4.68996,0.00852711,-3.92871,-4.68996,3.58068,-3.92871,4.68996,0.00852745,3.92871,4.68996,3.58068,3.92871,4.68996,0.00852711,-3.92871,4.68996,3.58068,-3.92871],
    "uvs":[],
    "materials":[],
    "faces":[35,0,2,3,1,0,0,0,0,0,35,2,6,7,3,0,1,1,1,1,35,6,4,5,7,0,2,2,2,2,35,4,0,1,5,0,3,3,3,3,35,2,0,4,6,0,4,4,4,4,35,7,5,1,3,0,5,5,5,5]
}